"time.h","id","vol.mL"
0,"blank1",0
1,"blank1",10.2
2,"blank1",13.7
3,"blank1",15.8
4,"blank1",17.9
5,"blank1",19.5
6,"blank1",21
7,"blank1",22.5
8,"blank1",24
9,"blank1",25.6
10,"blank1",27.1
11,"blank1",28.5
12,"blank1",30
13,"blank1",31.4
14,"blank1",32.8
15,"blank1",34
16,"blank1",35.3
17,"blank1",36.5
18,"blank1",37.8
19,"blank1",40.2
20,"blank1",42.5
21,"blank1",44.3
22,"blank1",46.1
23,"blank1",47.9
24,"blank1",49.3
25,"blank1",50.6
26,"blank1",51.9
27,"blank1",53.3
28,"blank1",54.5
29,"blank1",55.6
30,"blank1",56.7
31,"blank1",57.9
32,"blank1",59
33,"blank1",60.1
34,"blank1",61.2
35,"blank1",62.3
36,"blank1",63.5
37,"blank1",64.5
38,"blank1",65.5
39,"blank1",66.4
40,"blank1",67.4
41,"blank1",68.3
42,"blank1",69.3
43,"blank1",70.2
44,"blank1",71.5
45,"blank1",72.7
46,"blank1",74
47,"blank1",75.2
48,"blank1",76.3
49,"blank1",77.3
50,"blank1",78.3
51,"blank1",79.2
52,"blank1",80.2
53,"blank1",81.2
54,"blank1",82.1
55,"blank1",82.9
56,"blank1",83.7
57,"blank1",84.6
58,"blank1",85.4
59,"blank1",86.3
60,"blank1",87.1
61,"blank1",88
62,"blank1",89
63,"blank1",90
64,"blank1",90.9
65,"blank1",91.9
66,"blank1",92.9
67,"blank1",93.9
68,"blank1",95.1
69,"blank1",96.2
70,"blank1",97.3
71,"blank1",98.4
72,"blank1",99.5
73,"blank1",100.5
74,"blank1",101.5
75,"blank1",102.5
76,"blank1",103.5
77,"blank1",104.5
78,"blank1",105.5
79,"blank1",106.2
80,"blank1",106.9
81,"blank1",107.7
82,"blank1",108.4
83,"blank1",109.1
84,"blank1",109.9
85,"blank1",110.6
86,"blank1",111.3
87,"blank1",112.1
88,"blank1",112.9
89,"blank1",113.7
90,"blank1",114.5
91,"blank1",115.3
92,"blank1",116.1
93,"blank1",116.9
94,"blank1",117.7
95,"blank1",118.5
96,"blank1",119.3
97,"blank1",120
98,"blank1",120.8
99,"blank1",121.6
100,"blank1",122.4
101,"blank1",123.2
102,"blank1",123.9
103,"blank1",124.7
104,"blank1",125.5
105,"blank1",126.3
106,"blank1",127
107,"blank1",127.8
108,"blank1",128.6
109,"blank1",129.4
110,"blank1",130.2
111,"blank1",130.9
112,"blank1",131.7
113,"blank1",132.4
114,"blank1",133.2
115,"blank1",133.9
116,"blank1",134.7
117,"blank1",135.4
118,"blank1",136.1
119,"blank1",136.8
120,"blank1",137.5
121,"blank1",138.2
122,"blank1",138.8
123,"blank1",139.5
124,"blank1",140.1
125,"blank1",140.8
126,"blank1",141.5
127,"blank1",142.1
128,"blank1",142.8
129,"blank1",143.4
130,"blank1",144.1
131,"blank1",144.7
132,"blank1",145.3
133,"blank1",146
134,"blank1",146.6
135,"blank1",147.3
136,"blank1",147.9
137,"blank1",148.6
138,"blank1",149.3
139,"blank1",150.5
140,"blank1",151.7
141,"blank1",152.9
142,"blank1",154.1
143,"blank1",155.3
144,"blank1",156.3
145,"blank1",157.2
146,"blank1",158.1
147,"blank1",159.1
148,"blank1",160
149,"blank1",160.9
150,"blank1",161.8
151,"blank1",163
152,"blank1",164.2
153,"blank1",165.3
154,"blank1",166.5
155,"blank1",167.7
156,"blank1",169
157,"blank1",170.4
158,"blank1",171.9
159,"blank1",173.3
160,"blank1",174.8
161,"blank1",176.7
162,"blank1",178.7
163,"blank1",180.8
164,"blank1",183
165,"blank1",185.4
166,"blank1",187.7
167,"blank1",190
168,"blank1",192.2
169,"blank1",194.4
170,"blank1",197.5
171,"blank1",200.7
172,"blank1",203.4
173,"blank1",205.9
174,"blank1",208.5
175,"blank1",211.4
176,"blank1",214.4
177,"blank1",217.6
178,"blank1",220.9
179,"blank1",223.7
180,"blank1",226.3
181,"blank1",228.9
182,"blank1",231.8
183,"blank1",234.7
184,"blank1",237.2
185,"blank1",239.4
186,"blank1",241.7
187,"blank1",243.7
188,"blank1",245.5
189,"blank1",247.4
190,"blank1",249.2
191,"blank1",251.3
192,"blank1",253.4
193,"blank1",255.5
194,"blank1",256.9
195,"blank1",258
196,"blank1",259.2
197,"blank1",260.3
198,"blank1",261.5
199,"blank1",262.7
200,"blank1",263.7
201,"blank1",264.7
202,"blank1",265.7
203,"blank1",266.7
204,"blank1",267.7
205,"blank1",268.7
206,"blank1",269.7
207,"blank1",270.5
208,"blank1",271.3
209,"blank1",272.1
210,"blank1",272.8
211,"blank1",273.6
212,"blank1",274.4
213,"blank1",275.2
214,"blank1",276
215,"blank1",276.7
216,"blank1",277.3
217,"blank1",277.8
218,"blank1",278.3
219,"blank1",278.8
220,"blank1",279.3
221,"blank1",279.8
222,"blank1",280.3
223,"blank1",280.9
224,"blank1",281.4
225,"blank1",281.9
226,"blank1",282.4
227,"blank1",282.9
228,"blank1",283.4
229,"blank1",283.9
230,"blank1",284.4
231,"blank1",285
232,"blank1",285.5
233,"blank1",286
234,"blank1",286.6
235,"blank1",287.1
236,"blank1",287.7
237,"blank1",288.2
238,"blank1",288.8
239,"blank1",289.3
240,"blank1",289.8
241,"blank1",290.4
242,"blank1",290.9
243,"blank1",291.3
244,"blank1",291.7
245,"blank1",292
246,"blank1",292.3
247,"blank1",292.7
248,"blank1",293
249,"blank1",293.4
250,"blank1",293.7
251,"blank1",294
252,"blank1",294.4
253,"blank1",294.7
254,"blank1",295.1
255,"blank1",295.4
256,"blank1",295.7
257,"blank1",296.1
258,"blank1",296.4
259,"blank1",296.8
260,"blank1",297.1
261,"blank1",297.4
262,"blank1",297.8
263,"blank1",298.1
264,"blank1",298.5
265,"blank1",299
266,"blank1",299.4
267,"blank1",299.9
268,"blank1",300.3
269,"blank1",300.8
270,"blank1",301.2
271,"blank1",301.6
272,"blank1",302.1
273,"blank1",302.5
274,"blank1",303
275,"blank1",303.4
276,"blank1",303.9
277,"blank1",304.3
278,"blank1",304.8
279,"blank1",305.2
280,"blank1",305.6
281,"blank1",306
282,"blank1",306.3
283,"blank1",306.7
284,"blank1",307.1
285,"blank1",307.5
286,"blank1",307.8
287,"blank1",308.2
288,"blank1",308.6
289,"blank1",309
290,"blank1",309.3
291,"blank1",309.7
292,"blank1",310.1
293,"blank1",310.5
294,"blank1",310.8
295,"blank1",311.2
296,"blank1",311.6
297,"blank1",311.9
298,"blank1",312.3
299,"blank1",312.8
300,"blank1",313.2
301,"blank1",313.7
302,"blank1",314.2
303,"blank1",314.7
304,"blank1",315.1
305,"blank1",315.6
306,"blank1",316.1
307,"blank1",316.5
308,"blank1",317
309,"blank1",317.5
310,"blank1",318
311,"blank1",318.4
312,"blank1",318.9
313,"blank1",319.4
314,"blank1",319.8
315,"blank1",320.2
316,"blank1",320.6
317,"blank1",321.1
318,"blank1",321.5
319,"blank1",321.9
320,"blank1",322.3
321,"blank1",322.8
322,"blank1",323.2
323,"blank1",323.6
324,"blank1",324
325,"blank1",324.5
326,"blank1",324.9
327,"blank1",325.3
328,"blank1",325.7
329,"blank1",326.2
330,"blank1",326.6
331,"blank1",327.2
332,"blank1",327.7
333,"blank1",328.3
334,"blank1",328.9
335,"blank1",329.5
336,"blank1",330.1
337,"blank1",330.7
338,"blank1",331.3
339,"blank1",331.9
340,"blank1",332.5
341,"blank1",333.1
342,"blank1",333.7
343,"blank1",334.1
344,"blank1",334.4
345,"blank1",334.8
346,"blank1",335.2
347,"blank1",335.5
348,"blank1",335.9
349,"blank1",336.2
350,"blank1",336.6
351,"blank1",337
352,"blank1",337.3
353,"blank1",337.7
354,"blank1",338
355,"blank1",338.4
356,"blank1",338.8
357,"blank1",339.1
358,"blank1",339.5
359,"blank1",339.8
360,"blank1",340.2
361,"blank1",340.6
362,"blank1",340.9
363,"blank1",341.2
364,"blank1",341.5
365,"blank1",341.8
366,"blank1",342.2
367,"blank1",342.5
368,"blank1",342.8
369,"blank1",343.1
370,"blank1",343.4
371,"blank1",343.7
372,"blank1",344
373,"blank1",344.3
374,"blank1",344.6
375,"blank1",344.9
376,"blank1",345.2
377,"blank1",345.5
378,"blank1",345.8
379,"blank1",346.1
380,"blank1",346.5
381,"blank1",346.8
382,"blank1",347.1
383,"blank1",347.4
384,"blank1",347.7
385,"blank1",348
386,"blank1",348.2
387,"blank1",348.3
388,"blank1",348.5
389,"blank1",348.6
390,"blank1",348.7
391,"blank1",348.9
392,"blank1",349
393,"blank1",349.1
394,"blank1",349.3
395,"blank1",349.4
396,"blank1",349.5
397,"blank1",349.7
398,"blank1",349.8
399,"blank1",349.9
400,"blank1",350.1
401,"blank1",350.2
402,"blank1",350.3
403,"blank1",350.5
404,"blank1",350.6
405,"blank1",350.7
406,"blank1",350.9
407,"blank1",351
408,"blank1",351.1
409,"blank1",351.3
410,"blank1",351.4
411,"blank1",351.5
412,"blank1",351.7
413,"blank1",351.8
414,"blank1",351.9
415,"blank1",352.1
416,"blank1",352.2
417,"blank1",352.3
418,"blank1",352.5
419,"blank1",352.6
420,"blank1",352.7
421,"blank1",352.9
422,"blank1",353
423,"blank1",353.1
424,"blank1",353.3
425,"blank1",353.4
426,"blank1",353.5
427,"blank1",353.7
428,"blank1",353.8
429,"blank1",353.9
430,"blank1",354.1
431,"blank1",354.2
432,"blank1",354.3
433,"blank1",354.5
434,"blank1",354.6
435,"blank1",354.7
436,"blank1",354.9
437,"blank1",355
438,"blank1",355.1
439,"blank1",355.3
440,"blank1",355.4
441,"blank1",355.6
442,"blank1",355.8
443,"blank1",356
444,"blank1",356.2
445,"blank1",356.4
446,"blank1",356.6
447,"blank1",356.8
448,"blank1",356.9
449,"blank1",357.1
450,"blank1",357.3
451,"blank1",357.5
452,"blank1",357.7
453,"blank1",357.9
454,"blank1",358.1
455,"blank1",358.3
456,"blank1",358.4
457,"blank1",358.6
458,"blank1",358.8
459,"blank1",359
460,"blank1",359.2
461,"blank1",359.4
462,"blank1",359.6
463,"blank1",359.7
464,"blank1",359.9
465,"blank1",360.1
466,"blank1",360.3
467,"blank1",360.5
468,"blank1",360.7
469,"blank1",360.9
470,"blank1",361.1
471,"blank1",361.2
472,"blank1",361.4
473,"blank1",361.6
474,"blank1",361.8
475,"blank1",362
476,"blank1",362.2
477,"blank1",362.4
478,"blank1",362.5
479,"blank1",362.5
480,"blank1",362.5
481,"blank1",362.5
482,"blank1",362.5
483,"blank1",362.5
484,"blank1",362.5
485,"blank1",362.5
486,"blank1",362.5
487,"blank1",362.5
488,"blank1",362.5
489,"blank1",362.5
490,"blank1",362.5
491,"blank1",362.5
492,"blank1",362.5
493,"blank1",362.5
494,"blank1",362.5
495,"blank1",362.5
496,"blank1",362.5
497,"blank1",362.5
498,"blank1",362.5
499,"blank1",362.5
500,"blank1",362.5
0,"blank2",0
1,"blank2",11.2
2,"blank2",15.6
3,"blank2",18.9
4,"blank2",21.4
5,"blank2",23.8
6,"blank2",26
7,"blank2",28.1
8,"blank2",29.9
9,"blank2",31.7
10,"blank2",33.4
11,"blank2",34.9
12,"blank2",36.5
13,"blank2",38
14,"blank2",39.4
15,"blank2",40.8
16,"blank2",42.1
17,"blank2",43.7
18,"blank2",45.6
19,"blank2",47.5
20,"blank2",49.1
21,"blank2",50.6
22,"blank2",52
23,"blank2",53.5
24,"blank2",54.9
25,"blank2",56.2
26,"blank2",57.6
27,"blank2",59
28,"blank2",60.2
29,"blank2",61.3
30,"blank2",62.5
31,"blank2",63.7
32,"blank2",64.8
33,"blank2",65.9
34,"blank2",67
35,"blank2",68
36,"blank2",69.1
37,"blank2",70.2
38,"blank2",71.2
39,"blank2",72.2
40,"blank2",73.2
41,"blank2",74.3
42,"blank2",75.3
43,"blank2",76.3
44,"blank2",77.6
45,"blank2",78.9
46,"blank2",80.1
47,"blank2",81.4
48,"blank2",82.5
49,"blank2",83.5
50,"blank2",84.5
51,"blank2",85.5
52,"blank2",86.5
53,"blank2",87.5
54,"blank2",88.5
55,"blank2",89.5
56,"blank2",90.5
57,"blank2",91.4
58,"blank2",92.4
59,"blank2",93.4
60,"blank2",94.4
61,"blank2",95.4
62,"blank2",96.4
63,"blank2",97.4
64,"blank2",98.4
65,"blank2",99.3
66,"blank2",100.4
67,"blank2",101.5
68,"blank2",102.6
69,"blank2",103.6
70,"blank2",104.7
71,"blank2",105.8
72,"blank2",106.8
73,"blank2",107.7
74,"blank2",108.6
75,"blank2",109.5
76,"blank2",110.4
77,"blank2",111.3
78,"blank2",112.2
79,"blank2",113.1
80,"blank2",114
81,"blank2",114.9
82,"blank2",115.7
83,"blank2",116.6
84,"blank2",117.5
85,"blank2",118.4
86,"blank2",119.3
87,"blank2",120.2
88,"blank2",121.1
89,"blank2",122
90,"blank2",122.9
91,"blank2",123.7
92,"blank2",124.6
93,"blank2",125.5
94,"blank2",126.4
95,"blank2",127.3
96,"blank2",128.2
97,"blank2",129.1
98,"blank2",130
99,"blank2",130.9
100,"blank2",131.6
101,"blank2",132.3
102,"blank2",133
103,"blank2",133.7
104,"blank2",134.4
105,"blank2",135.1
106,"blank2",135.8
107,"blank2",136.5
108,"blank2",137.2
109,"blank2",138
110,"blank2",138.8
111,"blank2",139.6
112,"blank2",140.4
113,"blank2",141.2
114,"blank2",142
115,"blank2",142.8
116,"blank2",143.6
117,"blank2",144.5
118,"blank2",145.3
119,"blank2",146.2
120,"blank2",147
121,"blank2",147.9
122,"blank2",148.7
123,"blank2",149.6
124,"blank2",150.3
125,"blank2",150.9
126,"blank2",151.5
127,"blank2",152.1
128,"blank2",152.7
129,"blank2",153.3
130,"blank2",153.9
131,"blank2",154.5
132,"blank2",155.1
133,"blank2",155.7
134,"blank2",156.3
135,"blank2",157.1
136,"blank2",158.1
137,"blank2",159
138,"blank2",159.9
139,"blank2",160.9
140,"blank2",161.8
141,"blank2",162.7
142,"blank2",163.6
143,"blank2",164.4
144,"blank2",165.2
145,"blank2",166
146,"blank2",166.9
147,"blank2",167.7
148,"blank2",168.5
149,"blank2",169.3
150,"blank2",170.2
151,"blank2",171.2
152,"blank2",172.1
153,"blank2",173
154,"blank2",174
155,"blank2",174.9
156,"blank2",175.9
157,"blank2",176.9
158,"blank2",178.1
159,"blank2",179.2
160,"blank2",180.3
161,"blank2",181.4
162,"blank2",182.5
163,"blank2",184.1
164,"blank2",185.7
165,"blank2",187.4
166,"blank2",189
167,"blank2",190.9
168,"blank2",192.8
169,"blank2",194.8
170,"blank2",196.8
171,"blank2",199
172,"blank2",201.2
173,"blank2",203.5
174,"blank2",206.1
175,"blank2",208.7
176,"blank2",211.1
177,"blank2",213.4
178,"blank2",215.8
179,"blank2",218.9
180,"blank2",222.1
181,"blank2",225.1
182,"blank2",228
183,"blank2",230.8
184,"blank2",233.5
185,"blank2",236.1
186,"blank2",239.3
187,"blank2",242.8
188,"blank2",245.6
189,"blank2",248.2
190,"blank2",250.9
191,"blank2",253.8
192,"blank2",256.7
193,"blank2",258.8
194,"blank2",260.7
195,"blank2",262.7
196,"blank2",264.5
197,"blank2",266.2
198,"blank2",267.8
199,"blank2",269.4
200,"blank2",271
201,"blank2",272.3
202,"blank2",273.6
203,"blank2",274.8
204,"blank2",276
205,"blank2",277.2
206,"blank2",278.4
207,"blank2",279.6
208,"blank2",280.7
209,"blank2",281.8
210,"blank2",282.9
211,"blank2",284.1
212,"blank2",285.2
213,"blank2",286.1
214,"blank2",286.9
215,"blank2",287.7
216,"blank2",288.5
217,"blank2",289.3
218,"blank2",290.1
219,"blank2",290.9
220,"blank2",291.7
221,"blank2",292.5
222,"blank2",293.1
223,"blank2",293.7
224,"blank2",294.3
225,"blank2",294.9
226,"blank2",295.5
227,"blank2",296.1
228,"blank2",296.7
229,"blank2",297.3
230,"blank2",297.8
231,"blank2",298.4
232,"blank2",299
233,"blank2",299.6
234,"blank2",300.1
235,"blank2",300.6
236,"blank2",301.1
237,"blank2",301.6
238,"blank2",302
239,"blank2",302.5
240,"blank2",303
241,"blank2",303.5
242,"blank2",304
243,"blank2",304.4
244,"blank2",304.9
245,"blank2",305.4
246,"blank2",305.9
247,"blank2",306.3
248,"blank2",306.8
249,"blank2",307.2
250,"blank2",307.5
251,"blank2",307.9
252,"blank2",308.2
253,"blank2",308.5
254,"blank2",308.8
255,"blank2",309.2
256,"blank2",309.5
257,"blank2",309.8
258,"blank2",310.1
259,"blank2",310.5
260,"blank2",310.8
261,"blank2",311.1
262,"blank2",311.5
263,"blank2",311.8
264,"blank2",312.1
265,"blank2",312.4
266,"blank2",312.8
267,"blank2",313.1
268,"blank2",313.4
269,"blank2",313.8
270,"blank2",314.1
271,"blank2",314.5
272,"blank2",314.9
273,"blank2",315.3
274,"blank2",315.7
275,"blank2",316.1
276,"blank2",316.5
277,"blank2",316.9
278,"blank2",317.3
279,"blank2",317.7
280,"blank2",318.1
281,"blank2",318.4
282,"blank2",318.8
283,"blank2",319.2
284,"blank2",319.6
285,"blank2",320
286,"blank2",320.4
287,"blank2",320.8
288,"blank2",321.2
289,"blank2",321.6
290,"blank2",321.9
291,"blank2",322.2
292,"blank2",322.6
293,"blank2",322.9
294,"blank2",323.2
295,"blank2",323.5
296,"blank2",323.9
297,"blank2",324.2
298,"blank2",324.5
299,"blank2",324.8
300,"blank2",325.2
301,"blank2",325.5
302,"blank2",325.8
303,"blank2",326.1
304,"blank2",326.5
305,"blank2",326.8
306,"blank2",327.1
307,"blank2",327.4
308,"blank2",327.8
309,"blank2",328.1
310,"blank2",328.4
311,"blank2",328.8
312,"blank2",329.1
313,"blank2",329.5
314,"blank2",329.8
315,"blank2",330.2
316,"blank2",330.6
317,"blank2",330.9
318,"blank2",331.3
319,"blank2",331.6
320,"blank2",332
321,"blank2",332.4
322,"blank2",332.7
323,"blank2",333.1
324,"blank2",333.5
325,"blank2",333.8
326,"blank2",334.2
327,"blank2",334.5
328,"blank2",334.9
329,"blank2",335.3
330,"blank2",335.6
331,"blank2",336.1
332,"blank2",336.6
333,"blank2",337.1
334,"blank2",337.5
335,"blank2",338
336,"blank2",338.5
337,"blank2",339
338,"blank2",339.5
339,"blank2",340
340,"blank2",340.4
341,"blank2",340.9
342,"blank2",341.4
343,"blank2",341.9
344,"blank2",342.4
345,"blank2",342.8
346,"blank2",343.3
347,"blank2",343.7
348,"blank2",344.1
349,"blank2",344.5
350,"blank2",344.9
351,"blank2",345.3
352,"blank2",345.7
353,"blank2",346.1
354,"blank2",346.5
355,"blank2",346.9
356,"blank2",347.3
357,"blank2",347.7
358,"blank2",348.1
359,"blank2",348.5
360,"blank2",348.9
361,"blank2",349.3
362,"blank2",349.7
363,"blank2",350.1
364,"blank2",350.5
365,"blank2",350.9
366,"blank2",351.3
367,"blank2",351.7
368,"blank2",352.1
369,"blank2",352.5
370,"blank2",352.9
371,"blank2",353.3
372,"blank2",353.7
373,"blank2",354.1
374,"blank2",354.5
375,"blank2",354.9
376,"blank2",355.3
377,"blank2",355.7
378,"blank2",356.1
379,"blank2",356.5
380,"blank2",356.9
381,"blank2",357.3
382,"blank2",357.5
383,"blank2",357.7
384,"blank2",357.9
385,"blank2",358.2
386,"blank2",358.4
387,"blank2",358.6
388,"blank2",358.8
389,"blank2",359
390,"blank2",359.2
391,"blank2",359.4
392,"blank2",359.6
393,"blank2",359.8
394,"blank2",360
395,"blank2",360.2
396,"blank2",360.5
397,"blank2",360.7
398,"blank2",360.9
399,"blank2",361.1
400,"blank2",361.3
401,"blank2",361.5
402,"blank2",361.7
403,"blank2",361.9
404,"blank2",362.1
405,"blank2",362.3
406,"blank2",362.5
407,"blank2",362.7
408,"blank2",363
409,"blank2",363.2
410,"blank2",363.4
411,"blank2",363.6
412,"blank2",363.8
413,"blank2",364
414,"blank2",364.2
415,"blank2",364.4
416,"blank2",364.6
417,"blank2",364.8
418,"blank2",365
419,"blank2",365.3
420,"blank2",365.5
421,"blank2",365.7
422,"blank2",365.9
423,"blank2",366.1
424,"blank2",366.3
425,"blank2",366.5
426,"blank2",366.7
427,"blank2",366.9
428,"blank2",367.1
429,"blank2",367.3
430,"blank2",367.5
431,"blank2",367.7
432,"blank2",368
433,"blank2",368.2
434,"blank2",368.4
435,"blank2",368.6
436,"blank2",368.8
437,"blank2",369
438,"blank2",369.2
439,"blank2",369.4
440,"blank2",369.6
441,"blank2",369.8
442,"blank2",370
443,"blank2",370.2
444,"blank2",370.5
445,"blank2",370.7
446,"blank2",370.9
447,"blank2",371.1
448,"blank2",371.3
449,"blank2",371.5
450,"blank2",371.7
451,"blank2",371.9
452,"blank2",372.1
453,"blank2",372.4
454,"blank2",372.6
455,"blank2",372.8
456,"blank2",373
457,"blank2",373.2
458,"blank2",373.5
459,"blank2",373.7
460,"blank2",373.9
461,"blank2",374.1
462,"blank2",374.4
463,"blank2",374.6
464,"blank2",374.8
465,"blank2",375
466,"blank2",375.2
467,"blank2",375.5
468,"blank2",375.7
469,"blank2",375.9
470,"blank2",376.1
471,"blank2",376.4
472,"blank2",376.6
473,"blank2",376.8
474,"blank2",377
475,"blank2",377.2
476,"blank2",377.5
477,"blank2",377.7
478,"blank2",377.9
479,"blank2",378.1
480,"blank2",378.4
481,"blank2",378.6
482,"blank2",378.8
483,"blank2",379
484,"blank2",379.2
485,"blank2",379.2
486,"blank2",379.2
487,"blank2",379.2
488,"blank2",379.2
489,"blank2",379.2
490,"blank2",379.2
491,"blank2",379.2
492,"blank2",379.2
493,"blank2",379.2
494,"blank2",379.2
495,"blank2",379.2
496,"blank2",379.2
497,"blank2",379.2
498,"blank2",379.2
499,"blank2",379.2
500,"blank2",379.2
0,"blank3",0
1,"blank3",11.4
2,"blank3",16.2
3,"blank3",20.1
4,"blank3",23.3
5,"blank3",25.7
6,"blank3",28
7,"blank3",30.2
8,"blank3",32.5
9,"blank3",34.5
10,"blank3",36.3
11,"blank3",38.1
12,"blank3",39.6
13,"blank3",41
14,"blank3",42.4
15,"blank3",43.8
16,"blank3",45.2
17,"blank3",46.7
18,"blank3",48.1
19,"blank3",49.6
20,"blank3",50.9
21,"blank3",52.2
22,"blank3",53.4
23,"blank3",54.6
24,"blank3",55.9
25,"blank3",57.2
26,"blank3",58.6
27,"blank3",59.9
28,"blank3",61.2
29,"blank3",62.2
30,"blank3",63.2
31,"blank3",64.2
32,"blank3",65.2
33,"blank3",66.2
34,"blank3",67.3
35,"blank3",68.4
36,"blank3",69.5
37,"blank3",70.6
38,"blank3",71.8
39,"blank3",72.9
40,"blank3",74.2
41,"blank3",75.5
42,"blank3",76.8
43,"blank3",78.1
44,"blank3",79.2
45,"blank3",80.2
46,"blank3",81.2
47,"blank3",82.2
48,"blank3",83.3
49,"blank3",84.3
50,"blank3",85.3
51,"blank3",86.3
52,"blank3",87.3
53,"blank3",88.3
54,"blank3",89.3
55,"blank3",90.4
56,"blank3",91.4
57,"blank3",92.4
58,"blank3",93.4
59,"blank3",94.5
60,"blank3",95.5
61,"blank3",96.5
62,"blank3",97.6
63,"blank3",98.7
64,"blank3",99.9
65,"blank3",101.1
66,"blank3",102.2
67,"blank3",103.4
68,"blank3",104.4
69,"blank3",105.5
70,"blank3",106.5
71,"blank3",107.5
72,"blank3",108.6
73,"blank3",109.6
74,"blank3",110.4
75,"blank3",111.2
76,"blank3",112
77,"blank3",112.8
78,"blank3",113.6
79,"blank3",114.4
80,"blank3",115.2
81,"blank3",116
82,"blank3",116.9
83,"blank3",117.7
84,"blank3",118.6
85,"blank3",119.5
86,"blank3",120.3
87,"blank3",121.2
88,"blank3",122.1
89,"blank3",123
90,"blank3",124
91,"blank3",124.9
92,"blank3",125.9
93,"blank3",126.9
94,"blank3",127.8
95,"blank3",128.8
96,"blank3",129.6
97,"blank3",130.4
98,"blank3",131.3
99,"blank3",132.1
100,"blank3",132.9
101,"blank3",133.7
102,"blank3",134.5
103,"blank3",135.4
104,"blank3",136.2
105,"blank3",137
106,"blank3",137.8
107,"blank3",138.6
108,"blank3",139.5
109,"blank3",140.3
110,"blank3",141.1
111,"blank3",141.9
112,"blank3",142.8
113,"blank3",143.6
114,"blank3",144.4
115,"blank3",145.2
116,"blank3",146.1
117,"blank3",146.9
118,"blank3",147.7
119,"blank3",148.5
120,"blank3",149.3
121,"blank3",150
122,"blank3",150.7
123,"blank3",151.5
124,"blank3",152.2
125,"blank3",153
126,"blank3",153.7
127,"blank3",154.4
128,"blank3",155.2
129,"blank3",155.9
130,"blank3",156.7
131,"blank3",157.4
132,"blank3",158.2
133,"blank3",158.9
134,"blank3",159.7
135,"blank3",160.4
136,"blank3",161.1
137,"blank3",161.9
138,"blank3",163.2
139,"blank3",164.5
140,"blank3",165.7
141,"blank3",167
142,"blank3",168.3
143,"blank3",169.4
144,"blank3",170.6
145,"blank3",171.7
146,"blank3",172.8
147,"blank3",173.9
148,"blank3",175.1
149,"blank3",176.4
150,"blank3",177.7
151,"blank3",179.1
152,"blank3",180.5
153,"blank3",181.8
154,"blank3",183.5
155,"blank3",185.2
156,"blank3",186.9
157,"blank3",188.6
158,"blank3",190.8
159,"blank3",193
160,"blank3",195.3
161,"blank3",197.6
162,"blank3",199.9
163,"blank3",202.2
164,"blank3",205.4
165,"blank3",208.9
166,"blank3",212.3
167,"blank3",215.7
168,"blank3",219
169,"blank3",222.1
170,"blank3",225.4
171,"blank3",228.9
172,"blank3",232.3
173,"blank3",235.5
174,"blank3",238.7
175,"blank3",241.8
176,"blank3",244.9
177,"blank3",248.1
178,"blank3",251.4
179,"blank3",254.4
180,"blank3",257.2
181,"blank3",259.9
182,"blank3",262.2
183,"blank3",264.4
184,"blank3",266.7
185,"blank3",268.6
186,"blank3",270.4
187,"blank3",272.3
188,"blank3",274.2
189,"blank3",275.9
190,"blank3",277.6
191,"blank3",279.3
192,"blank3",281
193,"blank3",282.3
194,"blank3",283.7
195,"blank3",285.1
196,"blank3",286.5
197,"blank3",287.9
198,"blank3",289
199,"blank3",290
200,"blank3",291.1
201,"blank3",292.1
202,"blank3",293.2
203,"blank3",294.2
204,"blank3",295.2
205,"blank3",296.1
206,"blank3",296.8
207,"blank3",297.6
208,"blank3",298.3
209,"blank3",299
210,"blank3",299.8
211,"blank3",300.5
212,"blank3",301.2
213,"blank3",302
214,"blank3",302.7
215,"blank3",303.3
216,"blank3",303.9
217,"blank3",304.5
218,"blank3",305.1
219,"blank3",305.6
220,"blank3",306.2
221,"blank3",306.8
222,"blank3",307.4
223,"blank3",307.9
224,"blank3",308.5
225,"blank3",309.1
226,"blank3",309.7
227,"blank3",310.3
228,"blank3",310.9
229,"blank3",311.5
230,"blank3",312.1
231,"blank3",312.7
232,"blank3",313.3
233,"blank3",313.9
234,"blank3",314.5
235,"blank3",315.1
236,"blank3",315.7
237,"blank3",316.3
238,"blank3",316.9
239,"blank3",317.5
240,"blank3",318
241,"blank3",318.4
242,"blank3",318.7
243,"blank3",319.1
244,"blank3",319.5
245,"blank3",319.9
246,"blank3",320.2
247,"blank3",320.6
248,"blank3",321
249,"blank3",321.4
250,"blank3",321.7
251,"blank3",322.1
252,"blank3",322.5
253,"blank3",322.9
254,"blank3",323.2
255,"blank3",323.6
256,"blank3",324
257,"blank3",324.4
258,"blank3",324.7
259,"blank3",325.1
260,"blank3",325.5
261,"blank3",326
262,"blank3",326.5
263,"blank3",326.9
264,"blank3",327.4
265,"blank3",327.9
266,"blank3",328.3
267,"blank3",328.8
268,"blank3",329.3
269,"blank3",329.7
270,"blank3",330.2
271,"blank3",330.7
272,"blank3",331.1
273,"blank3",331.6
274,"blank3",332
275,"blank3",332.5
276,"blank3",333
277,"blank3",333.4
278,"blank3",333.9
279,"blank3",334.4
280,"blank3",334.8
281,"blank3",335.3
282,"blank3",335.8
283,"blank3",336.2
284,"blank3",336.7
285,"blank3",337.1
286,"blank3",337.6
287,"blank3",338.1
288,"blank3",338.5
289,"blank3",339
290,"blank3",339.5
291,"blank3",339.9
292,"blank3",340.4
293,"blank3",340.8
294,"blank3",341.2
295,"blank3",341.7
296,"blank3",342.1
297,"blank3",342.6
298,"blank3",343
299,"blank3",343.4
300,"blank3",343.9
301,"blank3",344.3
302,"blank3",344.7
303,"blank3",345.2
304,"blank3",345.6
305,"blank3",346.1
306,"blank3",346.5
307,"blank3",346.9
308,"blank3",347.4
309,"blank3",347.7
310,"blank3",348.1
311,"blank3",348.5
312,"blank3",348.8
313,"blank3",349.2
314,"blank3",349.5
315,"blank3",349.9
316,"blank3",350.2
317,"blank3",350.6
318,"blank3",351
319,"blank3",351.3
320,"blank3",351.7
321,"blank3",352
322,"blank3",352.4
323,"blank3",352.7
324,"blank3",353.1
325,"blank3",353.5
326,"blank3",353.8
327,"blank3",354.2
328,"blank3",354.5
329,"blank3",354.9
330,"blank3",355.6
331,"blank3",356.4
332,"blank3",357.3
333,"blank3",358.1
334,"blank3",358.9
335,"blank3",359.8
336,"blank3",360.6
337,"blank3",361.4
338,"blank3",362.2
339,"blank3",362.7
340,"blank3",363.1
341,"blank3",363.5
342,"blank3",363.8
343,"blank3",364.2
344,"blank3",364.6
345,"blank3",365
346,"blank3",365.3
347,"blank3",365.7
348,"blank3",366.1
349,"blank3",366.5
350,"blank3",366.8
351,"blank3",367.2
352,"blank3",367.6
353,"blank3",368
354,"blank3",368.3
355,"blank3",368.7
356,"blank3",369.1
357,"blank3",369.5
358,"blank3",369.8
359,"blank3",370.2
360,"blank3",370.5
361,"blank3",370.8
362,"blank3",371.1
363,"blank3",371.4
364,"blank3",371.7
365,"blank3",372
366,"blank3",372.3
367,"blank3",372.7
368,"blank3",373
369,"blank3",373.3
370,"blank3",373.6
371,"blank3",373.9
372,"blank3",374.2
373,"blank3",374.5
374,"blank3",374.8
375,"blank3",375.1
376,"blank3",375.5
377,"blank3",375.8
378,"blank3",376.1
379,"blank3",376.4
380,"blank3",376.7
381,"blank3",377
382,"blank3",377.3
383,"blank3",377.5
384,"blank3",377.7
385,"blank3",377.8
386,"blank3",378
387,"blank3",378.2
388,"blank3",378.3
389,"blank3",378.5
390,"blank3",378.7
391,"blank3",378.8
392,"blank3",379
393,"blank3",379.2
394,"blank3",379.3
395,"blank3",379.5
396,"blank3",379.6
397,"blank3",379.8
398,"blank3",380
399,"blank3",380.1
400,"blank3",380.3
401,"blank3",380.5
402,"blank3",380.6
403,"blank3",380.8
404,"blank3",381
405,"blank3",381.1
406,"blank3",381.3
407,"blank3",381.4
408,"blank3",381.6
409,"blank3",381.8
410,"blank3",381.9
411,"blank3",382.1
412,"blank3",382.3
413,"blank3",382.4
414,"blank3",382.6
415,"blank3",382.8
416,"blank3",382.9
417,"blank3",383.1
418,"blank3",383.3
419,"blank3",383.4
420,"blank3",383.6
421,"blank3",383.7
422,"blank3",383.9
423,"blank3",384.1
424,"blank3",384.2
425,"blank3",384.4
426,"blank3",384.6
427,"blank3",384.7
428,"blank3",384.9
429,"blank3",385.1
430,"blank3",385.2
431,"blank3",385.4
432,"blank3",385.6
433,"blank3",385.8
434,"blank3",385.9
435,"blank3",386.1
436,"blank3",386.3
437,"blank3",386.5
438,"blank3",386.6
439,"blank3",386.8
440,"blank3",387
441,"blank3",387.2
442,"blank3",387.3
443,"blank3",387.5
444,"blank3",387.7
445,"blank3",387.8
446,"blank3",388
447,"blank3",388.2
448,"blank3",388.4
449,"blank3",388.5
450,"blank3",388.7
451,"blank3",388.9
452,"blank3",389.1
453,"blank3",389.2
454,"blank3",389.4
455,"blank3",389.6
456,"blank3",389.8
457,"blank3",389.9
458,"blank3",390.1
459,"blank3",390.3
460,"blank3",390.5
461,"blank3",390.6
462,"blank3",390.8
463,"blank3",391
464,"blank3",391.2
465,"blank3",391.3
466,"blank3",391.5
467,"blank3",391.7
468,"blank3",391.9
469,"blank3",392
470,"blank3",392.2
471,"blank3",392.4
472,"blank3",392.4
473,"blank3",393.4
474,"blank3",394.4
475,"blank3",395.4
476,"blank3",396.4
477,"blank3",397.4
478,"blank3",398.4
479,"blank3",399.4
480,"blank3",400.4
481,"blank3",401.4
482,"blank3",402.4
483,"blank3",403.4
484,"blank3",404.4
485,"blank3",405.4
486,"blank3",406.4
487,"blank3",407.4
488,"blank3",408.4
489,"blank3",409.4
490,"blank3",410.4
491,"blank3",411.4
492,"blank3",412.4
493,"blank3",413.4
494,"blank3",414.4
495,"blank3",415.4
496,"blank3",416.4
497,"blank3",417.4
498,"blank3",418.4
499,"blank3",419.4
500,"blank3",420.4
0,"cell1",0
1,"cell1",14
2,"cell1",17.9
3,"cell1",20.8
4,"cell1",23.9
5,"cell1",26.6
6,"cell1",28.7
7,"cell1",30.8
8,"cell1",32.9
9,"cell1",35
10,"cell1",36.7
11,"cell1",38.5
12,"cell1",40.2
13,"cell1",41.8
14,"cell1",43.5
15,"cell1",45.1
16,"cell1",46.8
17,"cell1",48.4
18,"cell1",50
19,"cell1",51.5
20,"cell1",53
21,"cell1",54.5
22,"cell1",55.9
23,"cell1",57.3
24,"cell1",58.6
25,"cell1",60
26,"cell1",61.3
27,"cell1",62.8
28,"cell1",64.2
29,"cell1",65.6
30,"cell1",67
31,"cell1",68.4
32,"cell1",69.8
33,"cell1",71.2
34,"cell1",72.6
35,"cell1",74
36,"cell1",75.4
37,"cell1",76.8
38,"cell1",78.4
39,"cell1",80.3
40,"cell1",82.2
41,"cell1",84.1
42,"cell1",86.1
43,"cell1",88.1
44,"cell1",90.2
45,"cell1",92.5
46,"cell1",94.7
47,"cell1",97.1
48,"cell1",99.5
49,"cell1",102.1
50,"cell1",104.7
51,"cell1",107.3
52,"cell1",110.3
53,"cell1",113.2
54,"cell1",116.9
55,"cell1",120.6
56,"cell1",124.6
57,"cell1",128
58,"cell1",131.3
59,"cell1",136.2
60,"cell1",140.8
61,"cell1",145
62,"cell1",150
63,"cell1",156.2
64,"cell1",162.5
65,"cell1",168.9
66,"cell1",175.5
67,"cell1",181.7
68,"cell1",189
69,"cell1",196.5
70,"cell1",205.2
71,"cell1",213.9
72,"cell1",222.4
73,"cell1",232.9
74,"cell1",242.6
75,"cell1",253.2
76,"cell1",264
77,"cell1",275.8
78,"cell1",288
79,"cell1",300.8
80,"cell1",314.4
81,"cell1",327.9
82,"cell1",341.7
83,"cell1",356.1
84,"cell1",371
85,"cell1",385.6
86,"cell1",399.7
87,"cell1",413.9
88,"cell1",427.9
89,"cell1",441.9
90,"cell1",456.3
91,"cell1",470.5
92,"cell1",483.8
93,"cell1",497.6
94,"cell1",511.3
95,"cell1",525.1
96,"cell1",539.4
97,"cell1",552.2
98,"cell1",565.7
99,"cell1",579
100,"cell1",593
101,"cell1",605.6
102,"cell1",618.9
103,"cell1",632.4
104,"cell1",645.1
105,"cell1",658.4
106,"cell1",671.8
107,"cell1",684.9
108,"cell1",698.2
109,"cell1",711.4
110,"cell1",725.5
111,"cell1",738
112,"cell1",751.2
113,"cell1",764.8
114,"cell1",777.3
115,"cell1",790.6
116,"cell1",804.1
117,"cell1",816.9
118,"cell1",830.5
119,"cell1",844
120,"cell1",858.2
121,"cell1",870.6
122,"cell1",884.2
123,"cell1",897.9
124,"cell1",912.5
125,"cell1",924.7
126,"cell1",938
127,"cell1",952.4
128,"cell1",967.3
129,"cell1",980.4
130,"cell1",995.9
131,"cell1",1011.5
132,"cell1",1027.5
133,"cell1",1043.6
134,"cell1",1061.7
135,"cell1",1078
136,"cell1",1094.4
137,"cell1",1111
138,"cell1",1127.5
139,"cell1",1146.1
140,"cell1",1168.4
141,"cell1",1185.1
142,"cell1",1203.3
143,"cell1",1224.2
144,"cell1",1242.4
145,"cell1",1263.6
146,"cell1",1285.9
147,"cell1",1302.9
148,"cell1",1325.2
149,"cell1",1342.2
150,"cell1",1364.7
151,"cell1",1382
152,"cell1",1404.4
153,"cell1",1426.9
154,"cell1",1444.2
155,"cell1",1467
156,"cell1",1489.8
157,"cell1",1507.7
158,"cell1",1530
159,"cell1",1552.9
160,"cell1",1575.8
161,"cell1",1593.9
162,"cell1",1616.2
163,"cell1",1639.2
164,"cell1",1662.1
165,"cell1",1680.5
166,"cell1",1702.3
167,"cell1",1725
168,"cell1",1747.6
169,"cell1",1764.9
170,"cell1",1787.4
171,"cell1",1805.6
172,"cell1",1826.5
173,"cell1",1844.2
174,"cell1",1865.2
175,"cell1",1882.2
176,"cell1",1903.6
177,"cell1",1919.9
178,"cell1",1936.7
179,"cell1",1954.4
180,"cell1",1973.6
181,"cell1",1989.4
182,"cell1",2005.2
183,"cell1",2020.7
184,"cell1",2036.2
185,"cell1",2051.6
186,"cell1",2066.9
187,"cell1",2082.1
188,"cell1",2094.4
189,"cell1",2107.4
190,"cell1",2121.8
191,"cell1",2136.7
192,"cell1",2147.7
193,"cell1",2160.3
194,"cell1",2172
195,"cell1",2184
196,"cell1",2198.3
197,"cell1",2207
198,"cell1",2218
199,"cell1",2229.9
200,"cell1",2239.4
201,"cell1",2250.5
202,"cell1",2261.1
203,"cell1",2270.3
204,"cell1",2280.3
205,"cell1",2292
206,"cell1",2300.1
207,"cell1",2308.9
208,"cell1",2318.3
209,"cell1",2327.3
210,"cell1",2336.4
211,"cell1",2346.6
212,"cell1",2354.7
213,"cell1",2362.5
214,"cell1",2370.5
215,"cell1",2378.6
216,"cell1",2386.2
217,"cell1",2394
218,"cell1",2402.1
219,"cell1",2409.7
220,"cell1",2417.5
221,"cell1",2425.2
222,"cell1",2432.9
223,"cell1",2440.4
224,"cell1",2446.1
225,"cell1",2452.4
226,"cell1",2458.9
227,"cell1",2465.5
228,"cell1",2472.3
229,"cell1",2479.9
230,"cell1",2487.3
231,"cell1",2492.1
232,"cell1",2497.4
233,"cell1",2503.6
234,"cell1",2511
235,"cell1",2515.8
236,"cell1",2521
237,"cell1",2526.9
238,"cell1",2532.6
239,"cell1",2537.8
240,"cell1",2543
241,"cell1",2550
242,"cell1",2554.2
243,"cell1",2558.5
244,"cell1",2563.5
245,"cell1",2568.6
246,"cell1",2573.7
247,"cell1",2578.1
248,"cell1",2583
249,"cell1",2589.1
250,"cell1",2593.1
251,"cell1",2597.1
252,"cell1",2601.1
253,"cell1",2605
254,"cell1",2609
255,"cell1",2612.9
256,"cell1",2616.8
257,"cell1",2620.7
258,"cell1",2624.7
259,"cell1",2628.6
260,"cell1",2632.5
261,"cell1",2636.5
262,"cell1",2640.4
263,"cell1",2644.3
264,"cell1",2648.2
265,"cell1",2652
266,"cell1",2655
267,"cell1",2658
268,"cell1",2661.1
269,"cell1",2664.5
270,"cell1",2667.8
271,"cell1",2671.6
272,"cell1",2675.4
273,"cell1",2678
274,"cell1",2680.7
275,"cell1",2683.3
276,"cell1",2685.9
277,"cell1",2688.6
278,"cell1",2691.3
279,"cell1",2695
280,"cell1",2698.8
281,"cell1",2701.4
282,"cell1",2704
283,"cell1",2706.7
284,"cell1",2709.3
285,"cell1",2711.8
286,"cell1",2714.4
287,"cell1",2716.4
288,"cell1",2718.4
289,"cell1",2720.3
290,"cell1",2722.4
291,"cell1",2724.9
292,"cell1",2727.5
293,"cell1",2730
294,"cell1",2732
295,"cell1",2733.9
296,"cell1",2735.9
297,"cell1",2737.8
298,"cell1",2739.8
299,"cell1",2741.7
300,"cell1",2743.7
301,"cell1",2745.6
302,"cell1",2747.6
303,"cell1",2749.5
304,"cell1",2751.5
305,"cell1",2753.4
306,"cell1",2755.4
307,"cell1",2757.3
308,"cell1",2759.2
309,"cell1",2761.2
310,"cell1",2763.1
311,"cell1",2765
312,"cell1",2766.9
313,"cell1",2768.8
314,"cell1",2770.3
315,"cell1",2771.9
316,"cell1",2773.4
317,"cell1",2775
318,"cell1",2776.5
319,"cell1",2777.8
320,"cell1",2779.1
321,"cell1",2780.4
322,"cell1",2781.7
323,"cell1",2783
324,"cell1",2784.3
325,"cell1",2785.8
326,"cell1",2787.3
327,"cell1",2788.8
328,"cell1",2790.3
329,"cell1",2791.9
330,"cell1",2793
331,"cell1",2794.2
332,"cell1",2795.3
333,"cell1",2796.5
334,"cell1",2797.6
335,"cell1",2798.8
336,"cell1",2800
337,"cell1",2801.6
338,"cell1",2803.1
339,"cell1",2804.6
340,"cell1",2806.2
341,"cell1",2807.7
342,"cell1",2809
343,"cell1",2810.3
344,"cell1",2811.6
345,"cell1",2812.9
346,"cell1",2814.2
347,"cell1",2815.5
348,"cell1",2816.8
349,"cell1",2818.1
350,"cell1",2819.4
351,"cell1",2820.7
352,"cell1",2821.9
353,"cell1",2823.2
354,"cell1",2824.3
355,"cell1",2825.4
356,"cell1",2826.5
357,"cell1",2827.6
358,"cell1",2828.7
359,"cell1",2829.9
360,"cell1",2831
361,"cell1",2832.1
362,"cell1",2833.2
363,"cell1",2834.3
364,"cell1",2835.4
365,"cell1",2836.5
366,"cell1",2837.6
367,"cell1",2838.7
368,"cell1",2839.7
369,"cell1",2840.6
370,"cell1",2841.6
371,"cell1",2842.6
372,"cell1",2843.6
373,"cell1",2844.5
374,"cell1",2845.5
375,"cell1",2846.5
376,"cell1",2847.6
377,"cell1",2848.7
378,"cell1",2849.8
379,"cell1",2850.9
380,"cell1",2852
381,"cell1",2853.1
382,"cell1",2854.2
383,"cell1",2855.1
384,"cell1",2856.1
385,"cell1",2857
386,"cell1",2857.9
387,"cell1",2858.9
388,"cell1",2859.8
389,"cell1",2860.7
390,"cell1",2861.7
391,"cell1",2862.2
392,"cell1",2862.7
393,"cell1",2863.3
394,"cell1",2863.8
395,"cell1",2864.3
396,"cell1",2864.8
397,"cell1",2865.3
398,"cell1",2865.9
399,"cell1",2866.4
400,"cell1",2866.9
401,"cell1",2867.4
402,"cell1",2868
403,"cell1",2868.5
404,"cell1",2869
405,"cell1",2869.5
406,"cell1",2870.1
407,"cell1",2870.7
408,"cell1",2871.3
409,"cell1",2871.9
410,"cell1",2872.5
411,"cell1",2873.1
412,"cell1",2873.7
413,"cell1",2874.3
414,"cell1",2874.9
415,"cell1",2875.6
416,"cell1",2876.2
417,"cell1",2876.8
418,"cell1",2877.4
419,"cell1",2878
420,"cell1",2878.7
421,"cell1",2879.3
422,"cell1",2880
423,"cell1",2880.6
424,"cell1",2881.3
425,"cell1",2881.9
426,"cell1",2882.6
427,"cell1",2883.2
428,"cell1",2883.9
429,"cell1",2884.5
430,"cell1",2885.2
431,"cell1",2885.8
432,"cell1",2886.5
433,"cell1",2887.1
434,"cell1",2887.8
435,"cell1",2888.4
436,"cell1",2889.1
437,"cell1",2889.7
438,"cell1",2890.4
439,"cell1",2891
440,"cell1",2891.7
441,"cell1",2892.3
442,"cell1",2893
443,"cell1",2893.6
444,"cell1",2894.3
445,"cell1",2894.9
446,"cell1",2895.6
447,"cell1",2896.2
448,"cell1",2896.8
449,"cell1",2897.5
450,"cell1",2898.1
451,"cell1",2898.8
452,"cell1",2899.4
453,"cell1",2900.1
454,"cell1",2900.7
455,"cell1",2901.3
456,"cell1",2901.9
457,"cell1",2902.5
458,"cell1",2903.1
459,"cell1",2903.7
460,"cell1",2904.3
461,"cell1",2904.9
462,"cell1",2905.5
463,"cell1",2906.1
464,"cell1",2906.7
465,"cell1",2907.3
466,"cell1",2907.8
467,"cell1",2908.4
468,"cell1",2909.2
469,"cell1",2909.9
470,"cell1",2910.7
471,"cell1",2911.4
472,"cell1",2912.1
473,"cell1",2912.9
474,"cell1",2913.6
475,"cell1",2914.3
476,"cell1",2915.1
477,"cell1",2915.8
478,"cell1",2916.5
479,"cell1",2917.1
480,"cell1",2917.8
481,"cell1",2918.4
482,"cell1",2919
483,"cell1",2919.7
484,"cell1",2920.3
485,"cell1",2921
486,"cell1",2921.6
487,"cell1",2922.2
488,"cell1",2922.9
489,"cell1",2923.5
490,"cell1",2923.8
491,"cell1",2923.8
492,"cell1",2923.8
493,"cell1",2923.8
494,"cell1",2923.8
495,"cell1",2923.8
496,"cell1",2923.8
497,"cell1",2923.8
498,"cell1",2923.8
499,"cell1",2923.8
500,"cell1",2923.8
0,"cell2",0
1,"cell2",12.6
2,"cell2",16.4
3,"cell2",20.2
4,"cell2",23.2
5,"cell2",26
6,"cell2",28.3
7,"cell2",30.6
8,"cell2",32.6
9,"cell2",34.7
10,"cell2",36.6
11,"cell2",38.6
12,"cell2",40.4
13,"cell2",42
14,"cell2",43.7
15,"cell2",45.3
16,"cell2",47
17,"cell2",48.7
18,"cell2",50.3
19,"cell2",51.7
20,"cell2",53.1
21,"cell2",54.4
22,"cell2",55.9
23,"cell2",57.5
24,"cell2",59.2
25,"cell2",60.9
26,"cell2",62.3
27,"cell2",63.7
28,"cell2",65.2
29,"cell2",66.6
30,"cell2",68
31,"cell2",69.4
32,"cell2",70.8
33,"cell2",72.2
34,"cell2",73.6
35,"cell2",75.1
36,"cell2",76.6
37,"cell2",78.2
38,"cell2",80
39,"cell2",81.8
40,"cell2",83.7
41,"cell2",85.6
42,"cell2",87.5
43,"cell2",89.5
44,"cell2",91.8
45,"cell2",94.1
46,"cell2",96.8
47,"cell2",99.6
48,"cell2",102.1
49,"cell2",104.5
50,"cell2",106.9
51,"cell2",109.8
52,"cell2",112.8
53,"cell2",116.5
54,"cell2",120.2
55,"cell2",123.9
56,"cell2",127.6
57,"cell2",131.3
58,"cell2",136.1
59,"cell2",140.7
60,"cell2",145.4
61,"cell2",150.6
62,"cell2",155.9
63,"cell2",161.7
64,"cell2",168.1
65,"cell2",174.7
66,"cell2",181.3
67,"cell2",190.7
68,"cell2",198.8
69,"cell2",206
70,"cell2",214.5
71,"cell2",224.7
72,"cell2",234.3
73,"cell2",245
74,"cell2",255.2
75,"cell2",266.4
76,"cell2",278.3
77,"cell2",291
78,"cell2",303.6
79,"cell2",316.4
80,"cell2",328.8
81,"cell2",341.4
82,"cell2",354.1
83,"cell2",366.4
84,"cell2",379.2
85,"cell2",392.9
86,"cell2",405.4
87,"cell2",418.2
88,"cell2",431.2
89,"cell2",444.7
90,"cell2",456.9
91,"cell2",468.8
92,"cell2",481.3
93,"cell2",494.2
94,"cell2",506.7
95,"cell2",518.8
96,"cell2",531.5
97,"cell2",544.4
98,"cell2",556.4
99,"cell2",569
100,"cell2",581.9
101,"cell2",593.3
102,"cell2",606.1
103,"cell2",619.8
104,"cell2",631.2
105,"cell2",644.2
106,"cell2",656.2
107,"cell2",669
108,"cell2",682.6
109,"cell2",694.2
110,"cell2",706.9
111,"cell2",720.7
112,"cell2",731.7
113,"cell2",744.8
114,"cell2",756.6
115,"cell2",769.1
116,"cell2",783.1
117,"cell2",794.6
118,"cell2",807.6
119,"cell2",819.7
120,"cell2",833
121,"cell2",846
122,"cell2",858.1
123,"cell2",870.8
124,"cell2",884.5
125,"cell2",896
126,"cell2",908.9
127,"cell2",923.1
128,"cell2",935
129,"cell2",948.6
130,"cell2",963.7
131,"cell2",978.6
132,"cell2",993.6
133,"cell2",1008.7
134,"cell2",1021.3
135,"cell2",1035.9
136,"cell2",1050.9
137,"cell2",1065.9
138,"cell2",1081.3
139,"cell2",1099.7
140,"cell2",1115.4
141,"cell2",1131.1
142,"cell2",1146.8
143,"cell2",1162.4
144,"cell2",1178.1
145,"cell2",1193.6
146,"cell2",1209.3
147,"cell2",1224.9
148,"cell2",1240.5
149,"cell2",1256.2
150,"cell2",1271.9
151,"cell2",1288.1
152,"cell2",1305.2
153,"cell2",1325.7
154,"cell2",1341.7
155,"cell2",1357.7
156,"cell2",1375.7
157,"cell2",1396.1
158,"cell2",1412.2
159,"cell2",1430
160,"cell2",1450.6
161,"cell2",1466.6
162,"cell2",1483.9
163,"cell2",1504.7
164,"cell2",1521.1
165,"cell2",1538.1
166,"cell2",1555.1
167,"cell2",1575.1
168,"cell2",1591
169,"cell2",1607.2
170,"cell2",1624.8
171,"cell2",1644.7
172,"cell2",1660.8
173,"cell2",1676.9
174,"cell2",1694
175,"cell2",1713.9
176,"cell2",1730.2
177,"cell2",1746.1
178,"cell2",1762.5
179,"cell2",1783
180,"cell2",1799.9
181,"cell2",1815.8
182,"cell2",1832.8
183,"cell2",1853.5
184,"cell2",1869.6
185,"cell2",1885.4
186,"cell2",1902.8
187,"cell2",1922.9
188,"cell2",1939.2
189,"cell2",1955
190,"cell2",1973.7
191,"cell2",1993.1
192,"cell2",2009.1
193,"cell2",2025.3
194,"cell2",2041.9
195,"cell2",2062
196,"cell2",2078.1
197,"cell2",2093.8
198,"cell2",2109.4
199,"cell2",2124.9
200,"cell2",2140.4
201,"cell2",2155.9
202,"cell2",2171.1
203,"cell2",2186.2
204,"cell2",2197.4
205,"cell2",2210.3
206,"cell2",2225.2
207,"cell2",2235.7
208,"cell2",2248.9
209,"cell2",2259.7
210,"cell2",2272.2
211,"cell2",2282.8
212,"cell2",2295.5
213,"cell2",2304.9
214,"cell2",2318.5
215,"cell2",2326.9
216,"cell2",2336.9
217,"cell2",2349.3
218,"cell2",2357.9
219,"cell2",2366
220,"cell2",2375.5
221,"cell2",2384.5
222,"cell2",2393.7
223,"cell2",2404.3
224,"cell2",2412.4
225,"cell2",2420.3
226,"cell2",2428.2
227,"cell2",2436.5
228,"cell2",2444.3
229,"cell2",2452.4
230,"cell2",2460
231,"cell2",2467.4
232,"cell2",2475.1
233,"cell2",2482.8
234,"cell2",2490.6
235,"cell2",2498.3
236,"cell2",2505.9
237,"cell2",2513.5
238,"cell2",2519.8
239,"cell2",2526.1
240,"cell2",2532.4
241,"cell2",2538.6
242,"cell2",2545.1
243,"cell2",2552.6
244,"cell2",2557.7
245,"cell2",2563.2
246,"cell2",2569.2
247,"cell2",2576
248,"cell2",2581.3
249,"cell2",2586.7
250,"cell2",2592.2
251,"cell2",2599.2
252,"cell2",2603.8
253,"cell2",2608.8
254,"cell2",2614.9
255,"cell2",2619.3
256,"cell2",2624
257,"cell2",2630.4
258,"cell2",2634.5
259,"cell2",2638.6
260,"cell2",2643.4
261,"cell2",2648.5
262,"cell2",2654.1
263,"cell2",2658.3
264,"cell2",2662.6
265,"cell2",2668.1
266,"cell2",2672.9
267,"cell2",2677.4
268,"cell2",2681.4
269,"cell2",2685.3
270,"cell2",2689.3
271,"cell2",2693.3
272,"cell2",2697.3
273,"cell2",2701.4
274,"cell2",2705.6
275,"cell2",2709.8
276,"cell2",2713.7
277,"cell2",2717.5
278,"cell2",2721.1
279,"cell2",2724.7
280,"cell2",2728.7
281,"cell2",2732.7
282,"cell2",2736.2
283,"cell2",2739.8
284,"cell2",2743.6
285,"cell2",2747.5
286,"cell2",2750.1
287,"cell2",2752.7
288,"cell2",2755.3
289,"cell2",2758
290,"cell2",2760.7
291,"cell2",2763.3
292,"cell2",2765.8
293,"cell2",2768.3
294,"cell2",2770.8
295,"cell2",2773.4
296,"cell2",2776
297,"cell2",2778.6
298,"cell2",2781.3
299,"cell2",2784
300,"cell2",2786.9
301,"cell2",2790.4
302,"cell2",2793.8
303,"cell2",2795.9
304,"cell2",2797.8
305,"cell2",2799.8
306,"cell2",2801.9
307,"cell2",2804.4
308,"cell2",2806.9
309,"cell2",2809.5
310,"cell2",2812.1
311,"cell2",2814.6
312,"cell2",2817.2
313,"cell2",2819.7
314,"cell2",2822.2
315,"cell2",2824.7
316,"cell2",2826.3
317,"cell2",2827.8
318,"cell2",2829.4
319,"cell2",2830.9
320,"cell2",2832.5
321,"cell2",2834.4
322,"cell2",2836.3
323,"cell2",2838.2
324,"cell2",2840.1
325,"cell2",2842.1
326,"cell2",2844
327,"cell2",2845.9
328,"cell2",2847.8
329,"cell2",2849.2
330,"cell2",2850.5
331,"cell2",2851.8
332,"cell2",2853.1
333,"cell2",2854.4
334,"cell2",2855.8
335,"cell2",2857.7
336,"cell2",2859.7
337,"cell2",2861.6
338,"cell2",2863.5
339,"cell2",2865.1
340,"cell2",2866.6
341,"cell2",2868.2
342,"cell2",2869.8
343,"cell2",2871.3
344,"cell2",2872.9
345,"cell2",2874.4
346,"cell2",2876
347,"cell2",2877.5
348,"cell2",2879.1
349,"cell2",2880.6
350,"cell2",2882.2
351,"cell2",2883.7
352,"cell2",2885.2
353,"cell2",2886.8
354,"cell2",2888.3
355,"cell2",2889.8
356,"cell2",2891.4
357,"cell2",2892.9
358,"cell2",2894.4
359,"cell2",2895.7
360,"cell2",2897
361,"cell2",2898.3
362,"cell2",2899.6
363,"cell2",2900.9
364,"cell2",2902.2
365,"cell2",2903.5
366,"cell2",2904.7
367,"cell2",2906
368,"cell2",2907.3
369,"cell2",2908.6
370,"cell2",2909.8
371,"cell2",2910.9
372,"cell2",2912.1
373,"cell2",2913.2
374,"cell2",2914.3
375,"cell2",2915.4
376,"cell2",2916.5
377,"cell2",2917.6
378,"cell2",2918.9
379,"cell2",2920.1
380,"cell2",2921.4
381,"cell2",2922.6
382,"cell2",2923.8
383,"cell2",2925.1
384,"cell2",2926.1
385,"cell2",2927
386,"cell2",2928
387,"cell2",2928.9
388,"cell2",2929.9
389,"cell2",2930.8
390,"cell2",2931.8
391,"cell2",2932.8
392,"cell2",2933.5
393,"cell2",2934.2
394,"cell2",2934.9
395,"cell2",2935.6
396,"cell2",2936.3
397,"cell2",2937
398,"cell2",2937.7
399,"cell2",2938.4
400,"cell2",2939.2
401,"cell2",2939.9
402,"cell2",2940.6
403,"cell2",2941.4
404,"cell2",2942.3
405,"cell2",2943.2
406,"cell2",2944
407,"cell2",2944.9
408,"cell2",2945.7
409,"cell2",2946.6
410,"cell2",2947.5
411,"cell2",2948.3
412,"cell2",2949
413,"cell2",2949.7
414,"cell2",2950.5
415,"cell2",2951.2
416,"cell2",2951.9
417,"cell2",2952.6
418,"cell2",2953.3
419,"cell2",2954
420,"cell2",2954.7
421,"cell2",2955.4
422,"cell2",2956.2
423,"cell2",2956.9
424,"cell2",2957.7
425,"cell2",2958.5
426,"cell2",2959.3
427,"cell2",2960
428,"cell2",2960.8
429,"cell2",2961.6
430,"cell2",2962.4
431,"cell2",2963.1
432,"cell2",2963.9
433,"cell2",2964.5
434,"cell2",2965.1
435,"cell2",2965.7
436,"cell2",2966.3
437,"cell2",2966.9
438,"cell2",2967.5
439,"cell2",2968.1
440,"cell2",2968.7
441,"cell2",2969.3
442,"cell2",2969.9
443,"cell2",2970.5
444,"cell2",2971
445,"cell2",2971.6
446,"cell2",2972.2
447,"cell2",2972.7
448,"cell2",2973.3
449,"cell2",2973.8
450,"cell2",2974.4
451,"cell2",2974.9
452,"cell2",2975.5
453,"cell2",2976
454,"cell2",2976.6
455,"cell2",2977.1
456,"cell2",2977.7
457,"cell2",2978.2
458,"cell2",2978.8
459,"cell2",2979.3
460,"cell2",2979.8
461,"cell2",2980.3
462,"cell2",2980.7
463,"cell2",2981.2
464,"cell2",2981.7
465,"cell2",2982.1
466,"cell2",2982.6
467,"cell2",2983.1
468,"cell2",2983.5
469,"cell2",2984
470,"cell2",2984.5
471,"cell2",2984.9
472,"cell2",2985.4
473,"cell2",2985.9
474,"cell2",2986.4
475,"cell2",2986.8
476,"cell2",2987.3
477,"cell2",2987.7
478,"cell2",2988.2
479,"cell2",2988.6
480,"cell2",2989.1
481,"cell2",2989.5
482,"cell2",2990
483,"cell2",2990.4
484,"cell2",2990.9
485,"cell2",2991.3
486,"cell2",2991.8
487,"cell2",2992.2
488,"cell2",2992.7
489,"cell2",2993.1
490,"cell2",2993.6
491,"cell2",2994
492,"cell2",2994.5
493,"cell2",2994.7
494,"cell2",2994.7
495,"cell2",2994.7
496,"cell2",2994.7
497,"cell2",2994.7
498,"cell2",2994.7
499,"cell2",2994.7
500,"cell2",2994.7
0,"cell3",0
1,"cell3",15.5
2,"cell3",20.3
3,"cell3",24.6
4,"cell3",28
5,"cell3",30.8
6,"cell3",33.6
7,"cell3",36.3
8,"cell3",38.4
9,"cell3",40.6
10,"cell3",43
11,"cell3",45.5
12,"cell3",47.5
13,"cell3",49.3
14,"cell3",51
15,"cell3",52.6
16,"cell3",54.1
17,"cell3",55.7
18,"cell3",57.2
19,"cell3",58.9
20,"cell3",60.7
21,"cell3",62.4
22,"cell3",63.8
23,"cell3",65.2
24,"cell3",66.7
25,"cell3",68.1
26,"cell3",69.6
27,"cell3",71.1
28,"cell3",72.6
29,"cell3",74
30,"cell3",75.5
31,"cell3",76.9
32,"cell3",78.4
33,"cell3",79.9
34,"cell3",81.4
35,"cell3",83
36,"cell3",84.6
37,"cell3",86.3
38,"cell3",88.1
39,"cell3",89.9
40,"cell3",91.8
41,"cell3",93.8
42,"cell3",95.8
43,"cell3",98
44,"cell3",100.5
45,"cell3",103
46,"cell3",105.8
47,"cell3",108.7
48,"cell3",111.6
49,"cell3",114.7
50,"cell3",117.5
51,"cell3",120.2
52,"cell3",123.1
53,"cell3",126.6
54,"cell3",130.2
55,"cell3",133.8
56,"cell3",137.3
57,"cell3",140.9
58,"cell3",146.1
59,"cell3",150.5
60,"cell3",154.5
61,"cell3",159.7
62,"cell3",165.9
63,"cell3",172.4
64,"cell3",179
65,"cell3",185.2
66,"cell3",191.8
67,"cell3",198.9
68,"cell3",206.6
69,"cell3",214.8
70,"cell3",223.4
71,"cell3",232.6
72,"cell3",241.3
73,"cell3",252
74,"cell3",262
75,"cell3",273.1
76,"cell3",284.1
77,"cell3",296.4
78,"cell3",308.5
79,"cell3",321.6
80,"cell3",335.8
81,"cell3",350.2
82,"cell3",363.4
83,"cell3",376.9
84,"cell3",390.4
85,"cell3",404.5
86,"cell3",419.1
87,"cell3",432.2
88,"cell3",445.7
89,"cell3",459.1
90,"cell3",473.5
91,"cell3",487.9
92,"cell3",500.4
93,"cell3",513.7
94,"cell3",527.7
95,"cell3",540.1
96,"cell3",553.5
97,"cell3",567
98,"cell3",579.7
99,"cell3",592.9
100,"cell3",606.1
101,"cell3",618.4
102,"cell3",631.2
103,"cell3",645.2
104,"cell3",657.3
105,"cell3",670.1
106,"cell3",684.5
107,"cell3",696.4
108,"cell3",709.6
109,"cell3",722.3
110,"cell3",735.7
111,"cell3",749
112,"cell3",761.5
113,"cell3",774.2
114,"cell3",788.1
115,"cell3",800
116,"cell3",813.2
117,"cell3",826.1
118,"cell3",839.4
119,"cell3",853.1
120,"cell3",867.4
121,"cell3",879.3
122,"cell3",892.8
123,"cell3",907.2
124,"cell3",918.9
125,"cell3",932.6
126,"cell3",947
127,"cell3",958.8
128,"cell3",972.3
129,"cell3",985.6
130,"cell3",999.5
131,"cell3",1013.3
132,"cell3",1027.9
133,"cell3",1041
134,"cell3",1054.9
135,"cell3",1069.2
136,"cell3",1084
137,"cell3",1097.2
138,"cell3",1111.4
139,"cell3",1128.1
140,"cell3",1143.5
141,"cell3",1159.1
142,"cell3",1172.3
143,"cell3",1188.1
144,"cell3",1204.1
145,"cell3",1220.4
146,"cell3",1238.6
147,"cell3",1255.7
148,"cell3",1272
149,"cell3",1288.2
150,"cell3",1304.4
151,"cell3",1321.8
152,"cell3",1339.3
153,"cell3",1359.1
154,"cell3",1375.9
155,"cell3",1392.5
156,"cell3",1410.1
157,"cell3",1431.1
158,"cell3",1447.8
159,"cell3",1465.1
160,"cell3",1486.4
161,"cell3",1503.5
162,"cell3",1524.2
163,"cell3",1543.3
164,"cell3",1566.1
165,"cell3",1583.4
166,"cell3",1605.9
167,"cell3",1623.5
168,"cell3",1646.4
169,"cell3",1664.5
170,"cell3",1686.5
171,"cell3",1704.8
172,"cell3",1726.3
173,"cell3",1744
174,"cell3",1765.6
175,"cell3",1782.4
176,"cell3",1804.2
177,"cell3",1821.5
178,"cell3",1838.4
179,"cell3",1859.2
180,"cell3",1876.6
181,"cell3",1892.9
182,"cell3",1908.9
183,"cell3",1925.9
184,"cell3",1942
185,"cell3",1957.7
186,"cell3",1973.3
187,"cell3",1988.4
188,"cell3",2003.7
189,"cell3",2019.3
190,"cell3",2034.6
191,"cell3",2046.4
192,"cell3",2060.1
193,"cell3",2074.8
194,"cell3",2085.9
195,"cell3",2098.8
196,"cell3",2113.8
197,"cell3",2123.5
198,"cell3",2137.6
199,"cell3",2147.3
200,"cell3",2161.1
201,"cell3",2170.1
202,"cell3",2180.9
203,"cell3",2193.5
204,"cell3",2202.1
205,"cell3",2212.8
206,"cell3",2225.2
207,"cell3",2233.6
208,"cell3",2243.1
209,"cell3",2252.7
210,"cell3",2264.6
211,"cell3",2273.2
212,"cell3",2281.4
213,"cell3",2289.5
214,"cell3",2299
215,"cell3",2308.2
216,"cell3",2316.3
217,"cell3",2324.5
218,"cell3",2333.4
219,"cell3",2344.3
220,"cell3",2352.7
221,"cell3",2358.7
222,"cell3",2365.3
223,"cell3",2372.7
224,"cell3",2380.4
225,"cell3",2387.9
226,"cell3",2395.2
227,"cell3",2402.1
228,"cell3",2409.3
229,"cell3",2417.1
230,"cell3",2424.9
231,"cell3",2432.5
232,"cell3",2437.8
233,"cell3",2443.5
234,"cell3",2450.2
235,"cell3",2457
236,"cell3",2464.7
237,"cell3",2470
238,"cell3",2475.4
239,"cell3",2481.1
240,"cell3",2488.7
241,"cell3",2493.7
242,"cell3",2499
243,"cell3",2504.9
244,"cell3",2509.9
245,"cell3",2515.2
246,"cell3",2520.8
247,"cell3",2525.7
248,"cell3",2530.9
249,"cell3",2536.7
250,"cell3",2541
251,"cell3",2545.3
252,"cell3",2550.4
253,"cell3",2555.5
254,"cell3",2560.6
255,"cell3",2564.7
256,"cell3",2568.7
257,"cell3",2573
258,"cell3",2577.3
259,"cell3",2581.4
260,"cell3",2586
261,"cell3",2592.4
262,"cell3",2596.6
263,"cell3",2600.6
264,"cell3",2604.7
265,"cell3",2608.7
266,"cell3",2612.6
267,"cell3",2616.5
268,"cell3",2620.5
269,"cell3",2624.5
270,"cell3",2627.4
271,"cell3",2630.2
272,"cell3",2633.1
273,"cell3",2636.9
274,"cell3",2640.7
275,"cell3",2644.6
276,"cell3",2648.5
277,"cell3",2651.5
278,"cell3",2654.4
279,"cell3",2657.5
280,"cell3",2661
281,"cell3",2664.5
282,"cell3",2667.3
283,"cell3",2670
284,"cell3",2672.8
285,"cell3",2676.5
286,"cell3",2680.3
287,"cell3",2683
288,"cell3",2685.6
289,"cell3",2688.3
290,"cell3",2690.9
291,"cell3",2693.6
292,"cell3",2696.3
293,"cell3",2698.3
294,"cell3",2700.3
295,"cell3",2702.3
296,"cell3",2704.3
297,"cell3",2706.9
298,"cell3",2709.6
299,"cell3",2712.2
300,"cell3",2714.2
301,"cell3",2716.2
302,"cell3",2718.2
303,"cell3",2720.2
304,"cell3",2722.8
305,"cell3",2725.4
306,"cell3",2728.1
307,"cell3",2730
308,"cell3",2732
309,"cell3",2734
310,"cell3",2735.9
311,"cell3",2737.9
312,"cell3",2739.9
313,"cell3",2741.8
314,"cell3",2743.8
315,"cell3",2745.8
316,"cell3",2747.7
317,"cell3",2749.7
318,"cell3",2751.6
319,"cell3",2753.2
320,"cell3",2754.8
321,"cell3",2756.4
322,"cell3",2757.9
323,"cell3",2759.5
324,"cell3",2761.1
325,"cell3",2762.7
326,"cell3",2764.2
327,"cell3",2765.8
328,"cell3",2767.4
329,"cell3",2768.6
330,"cell3",2769.7
331,"cell3",2770.9
332,"cell3",2772.1
333,"cell3",2773.2
334,"cell3",2774.4
335,"cell3",2775.6
336,"cell3",2777.6
337,"cell3",2779.5
338,"cell3",2781.5
339,"cell3",2783.4
340,"cell3",2784.8
341,"cell3",2786.1
342,"cell3",2787.4
343,"cell3",2788.8
344,"cell3",2790.1
345,"cell3",2791.4
346,"cell3",2793
347,"cell3",2794.6
348,"cell3",2796.1
349,"cell3",2797.7
350,"cell3",2799.3
351,"cell3",2800.6
352,"cell3",2801.9
353,"cell3",2803.2
354,"cell3",2804.6
355,"cell3",2805.9
356,"cell3",2807.2
357,"cell3",2808.3
358,"cell3",2809.5
359,"cell3",2810.6
360,"cell3",2811.8
361,"cell3",2812.9
362,"cell3",2814
363,"cell3",2815.2
364,"cell3",2816.3
365,"cell3",2817.4
366,"cell3",2818.6
367,"cell3",2819.7
368,"cell3",2820.8
369,"cell3",2822
370,"cell3",2823.1
371,"cell3",2824.1
372,"cell3",2825
373,"cell3",2826
374,"cell3",2827
375,"cell3",2828
376,"cell3",2829
377,"cell3",2830
378,"cell3",2831
379,"cell3",2832.2
380,"cell3",2833.5
381,"cell3",2834.8
382,"cell3",2836
383,"cell3",2837.3
384,"cell3",2838.5
385,"cell3",2839.3
386,"cell3",2840
387,"cell3",2840.8
388,"cell3",2841.5
389,"cell3",2842.2
390,"cell3",2842.9
391,"cell3",2843.6
392,"cell3",2844.3
393,"cell3",2845
394,"cell3",2845.8
395,"cell3",2846.5
396,"cell3",2847.1
397,"cell3",2847.6
398,"cell3",2848.2
399,"cell3",2848.8
400,"cell3",2849.4
401,"cell3",2849.9
402,"cell3",2850.5
403,"cell3",2851.1
404,"cell3",2851.7
405,"cell3",2852.2
406,"cell3",2852.8
407,"cell3",2853.4
408,"cell3",2854
409,"cell3",2854.5
410,"cell3",2855.3
411,"cell3",2856
412,"cell3",2856.7
413,"cell3",2857.4
414,"cell3",2858.2
415,"cell3",2858.9
416,"cell3",2859.6
417,"cell3",2860.3
418,"cell3",2861.1
419,"cell3",2861.8
420,"cell3",2862.5
421,"cell3",2863.2
422,"cell3",2863.8
423,"cell3",2864.5
424,"cell3",2865.2
425,"cell3",2865.8
426,"cell3",2866.5
427,"cell3",2867.1
428,"cell3",2867.8
429,"cell3",2868.5
430,"cell3",2869.1
431,"cell3",2869.8
432,"cell3",2870.4
433,"cell3",2871
434,"cell3",2871.5
435,"cell3",2872
436,"cell3",2872.6
437,"cell3",2873.1
438,"cell3",2873.6
439,"cell3",2874.1
440,"cell3",2874.7
441,"cell3",2875.2
442,"cell3",2875.7
443,"cell3",2876.3
444,"cell3",2876.8
445,"cell3",2877.3
446,"cell3",2877.8
447,"cell3",2878.4
448,"cell3",2878.9
449,"cell3",2879.5
450,"cell3",2880
451,"cell3",2880.6
452,"cell3",2881.2
453,"cell3",2881.7
454,"cell3",2882.3
455,"cell3",2882.8
456,"cell3",2883.4
457,"cell3",2884
458,"cell3",2884.5
459,"cell3",2885.1
460,"cell3",2885.6
461,"cell3",2886.2
462,"cell3",2886.8
463,"cell3",2887.4
464,"cell3",2887.9
465,"cell3",2888.5
466,"cell3",2889.1
467,"cell3",2889.7
468,"cell3",2890.3
469,"cell3",2890.9
470,"cell3",2891.5
471,"cell3",2892.1
472,"cell3",2892.6
473,"cell3",2893.2
474,"cell3",2893.8
475,"cell3",2894.4
476,"cell3",2895
477,"cell3",2895.5
478,"cell3",2896.1
479,"cell3",2896.6
480,"cell3",2897.2
481,"cell3",2897.7
482,"cell3",2898.3
483,"cell3",2898.9
484,"cell3",2899.4
485,"cell3",2900
486,"cell3",2900.5
487,"cell3",2901.1
488,"cell3",2901.7
489,"cell3",2902
490,"cell3",2902
491,"cell3",2902
492,"cell3",2902
493,"cell3",2902
494,"cell3",2902
495,"cell3",2902
496,"cell3",2902
497,"cell3",2902
498,"cell3",2902
499,"cell3",2902
500,"cell3",2902
0,"fw1",0
1,"fw1",16.1
2,"fw1",26.9
3,"fw1",41.3
4,"fw1",57.4
5,"fw1",78.1
6,"fw1",111.1
7,"fw1",189.4
8,"fw1",248.5
9,"fw1",277.3
10,"fw1",303.7
11,"fw1",333.3
12,"fw1",366.2
13,"fw1",400.9
14,"fw1",437.4
15,"fw1",476
16,"fw1",517.4
17,"fw1",560.7
18,"fw1",603.5
19,"fw1",640.4
20,"fw1",676.1
21,"fw1",712.4
22,"fw1",746
23,"fw1",779.8
24,"fw1",812.7
25,"fw1",844.1
26,"fw1",873.1
27,"fw1",901.8
28,"fw1",930.9
29,"fw1",956.7
30,"fw1",983.8
31,"fw1",1009.8
32,"fw1",1035.3
33,"fw1",1061.4
34,"fw1",1088.8
35,"fw1",1114.5
36,"fw1",1143.4
37,"fw1",1169.8
38,"fw1",1198.3
39,"fw1",1224.4
40,"fw1",1251
41,"fw1",1279
42,"fw1",1305.4
43,"fw1",1334.3
44,"fw1",1361
45,"fw1",1387.9
46,"fw1",1415.2
47,"fw1",1441.9
48,"fw1",1468.7
49,"fw1",1493.6
50,"fw1",1517.7
51,"fw1",1542.2
52,"fw1",1565.8
53,"fw1",1588.7
54,"fw1",1611.1
55,"fw1",1633
56,"fw1",1653.8
57,"fw1",1673.7
58,"fw1",1693.6
59,"fw1",1712.6
60,"fw1",1731.1
61,"fw1",1749.3
62,"fw1",1767.2
63,"fw1",1785
64,"fw1",1803
65,"fw1",1820.5
66,"fw1",1838
67,"fw1",1855.7
68,"fw1",1873.3
69,"fw1",1889.2
70,"fw1",1905.3
71,"fw1",1921.6
72,"fw1",1937.9
73,"fw1",1954.7
74,"fw1",1970.6
75,"fw1",1986.5
76,"fw1",2002
77,"fw1",2016.5
78,"fw1",2031.7
79,"fw1",2047
80,"fw1",2062.2
81,"fw1",2075.9
82,"fw1",2089.8
83,"fw1",2103.2
84,"fw1",2117.6
85,"fw1",2130.5
86,"fw1",2143.5
87,"fw1",2157
88,"fw1",2169.3
89,"fw1",2181.4
90,"fw1",2194.2
91,"fw1",2205.6
92,"fw1",2218
93,"fw1",2229.4
94,"fw1",2241.3
95,"fw1",2251.9
96,"fw1",2263.5
97,"fw1",2274.8
98,"fw1",2284.7
99,"fw1",2295.3
100,"fw1",2306.1
101,"fw1",2315.5
102,"fw1",2326.2
103,"fw1",2337.2
104,"fw1",2345.8
105,"fw1",2355.1
106,"fw1",2364.9
107,"fw1",2374.3
108,"fw1",2384.7
109,"fw1",2393.1
110,"fw1",2402.1
111,"fw1",2411.4
112,"fw1",2420.3
113,"fw1",2429.1
114,"fw1",2437.8
115,"fw1",2446.3
116,"fw1",2455.4
117,"fw1",2463.5
118,"fw1",2471.5
119,"fw1",2479.4
120,"fw1",2487.3
121,"fw1",2495.1
122,"fw1",2502.9
123,"fw1",2510.7
124,"fw1",2518.5
125,"fw1",2526.2
126,"fw1",2533.7
127,"fw1",2540.1
128,"fw1",2547.4
129,"fw1",2554.5
130,"fw1",2561.6
131,"fw1",2568.5
132,"fw1",2575.2
133,"fw1",2582.2
134,"fw1",2589.3
135,"fw1",2596.7
136,"fw1",2602.5
137,"fw1",2608.5
138,"fw1",2614.6
139,"fw1",2620.9
140,"fw1",2628.4
141,"fw1",2634.9
142,"fw1",2641.7
143,"fw1",2647.8
144,"fw1",2653.7
145,"fw1",2659.7
146,"fw1",2665.5
147,"fw1",2672.6
148,"fw1",2678
149,"fw1",2683.1
150,"fw1",2688.9
151,"fw1",2694.6
152,"fw1",2700.1
153,"fw1",2705.3
154,"fw1",2711.9
155,"fw1",2717.1
156,"fw1",2722.2
157,"fw1",2727.9
158,"fw1",2733.3
159,"fw1",2738.6
160,"fw1",2743.8
161,"fw1",2749.4
162,"fw1",2754.5
163,"fw1",2759.3
164,"fw1",2765
165,"fw1",2770.3
166,"fw1",2775
167,"fw1",2780.5
168,"fw1",2785.8
169,"fw1",2790.8
170,"fw1",2796.1
171,"fw1",2801.3
172,"fw1",2806.4
173,"fw1",2811.6
174,"fw1",2816.7
175,"fw1",2821.5
176,"fw1",2826.3
177,"fw1",2831.3
178,"fw1",2836.9
179,"fw1",2841.9
180,"fw1",2846.9
181,"fw1",2852.4
182,"fw1",2857.1
183,"fw1",2861.9
184,"fw1",2867.7
185,"fw1",2872.2
186,"fw1",2876.4
187,"fw1",2881.3
188,"fw1",2886.3
189,"fw1",2891.2
190,"fw1",2895.5
191,"fw1",2899.8
192,"fw1",2904.1
193,"fw1",2908.4
194,"fw1",2912.5
195,"fw1",2916.9
196,"fw1",2921.9
197,"fw1",2926.1
198,"fw1",2930.1
199,"fw1",2934
200,"fw1",2938
201,"fw1",2941.9
202,"fw1",2945.8
203,"fw1",2949.7
204,"fw1",2953.5
205,"fw1",2957.4
206,"fw1",2961.3
207,"fw1",2965.2
208,"fw1",2969
209,"fw1",2972.9
210,"fw1",2976.7
211,"fw1",2979.9
212,"fw1",2982.9
213,"fw1",2986.1
214,"fw1",2990
215,"fw1",2993.8
216,"fw1",2997.1
217,"fw1",3000.4
218,"fw1",3004.2
219,"fw1",3008
220,"fw1",3010.9
221,"fw1",3013.6
222,"fw1",3016.3
223,"fw1",3019.9
224,"fw1",3023.6
225,"fw1",3026.5
226,"fw1",3029.1
227,"fw1",3031.8
228,"fw1",3034.5
229,"fw1",3037.2
230,"fw1",3039.9
231,"fw1",3042.6
232,"fw1",3045.3
233,"fw1",3048
234,"fw1",3050.4
235,"fw1",3052.9
236,"fw1",3055.3
237,"fw1",3057.9
238,"fw1",3060.5
239,"fw1",3063.1
240,"fw1",3065.7
241,"fw1",3068.2
242,"fw1",3070.8
243,"fw1",3072.9
244,"fw1",3074.8
245,"fw1",3076.8
246,"fw1",3078.8
247,"fw1",3080.7
248,"fw1",3082.7
249,"fw1",3084.6
250,"fw1",3086.6
251,"fw1",3088.5
252,"fw1",3090.4
253,"fw1",3092.4
254,"fw1",3094.3
255,"fw1",3096
256,"fw1",3097.5
257,"fw1",3099.1
258,"fw1",3100.7
259,"fw1",3102.2
260,"fw1",3103.8
261,"fw1",3105.4
262,"fw1",3106.9
263,"fw1",3108.5
264,"fw1",3110.1
265,"fw1",3111.6
266,"fw1",3113.2
267,"fw1",3114.7
268,"fw1",3116.3
269,"fw1",3117.9
270,"fw1",3119.4
271,"fw1",3121
272,"fw1",3122.5
273,"fw1",3124.1
274,"fw1",3125.7
275,"fw1",3127
276,"fw1",3128.3
277,"fw1",3129.6
278,"fw1",3130.9
279,"fw1",3132.3
280,"fw1",3133.6
281,"fw1",3134.9
282,"fw1",3136.2
283,"fw1",3137.4
284,"fw1",3138.7
285,"fw1",3140
286,"fw1",3141.3
287,"fw1",3142.5
288,"fw1",3143.6
289,"fw1",3144.7
290,"fw1",3145.8
291,"fw1",3146.9
292,"fw1",3148.1
293,"fw1",3149.2
294,"fw1",3150.3
295,"fw1",3151.4
296,"fw1",3152.5
297,"fw1",3153.6
298,"fw1",3154.7
299,"fw1",3155.8
300,"fw1",3156.9
301,"fw1",3158.2
302,"fw1",3159.5
303,"fw1",3160.8
304,"fw1",3162
305,"fw1",3163.3
306,"fw1",3164.6
307,"fw1",3165.9
308,"fw1",3167.2
309,"fw1",3168.4
310,"fw1",3169.7
311,"fw1",3171
312,"fw1",3172.3
313,"fw1",3173.3
314,"fw1",3174.3
315,"fw1",3175.2
316,"fw1",3176.2
317,"fw1",3177.2
318,"fw1",3178.1
319,"fw1",3179.1
320,"fw1",3180.1
321,"fw1",3180.9
322,"fw1",3181.8
323,"fw1",3182.6
324,"fw1",3183.5
325,"fw1",3184.3
326,"fw1",3185.2
327,"fw1",3186.1
328,"fw1",3186.9
329,"fw1",3187.8
330,"fw1",3189.1
331,"fw1",3190.8
332,"fw1",3192.4
333,"fw1",3194
334,"fw1",3195.6
335,"fw1",3196.8
336,"fw1",3197.9
337,"fw1",3199
338,"fw1",3200.1
339,"fw1",3201.2
340,"fw1",3202.3
341,"fw1",3203.4
342,"fw1",3204.2
343,"fw1",3205
344,"fw1",3205.8
345,"fw1",3206.6
346,"fw1",3207.3
347,"fw1",3208.1
348,"fw1",3208.9
349,"fw1",3209.7
350,"fw1",3210.4
351,"fw1",3211.2
352,"fw1",3211.9
353,"fw1",3212.5
354,"fw1",3213.2
355,"fw1",3213.8
356,"fw1",3214.5
357,"fw1",3215.1
358,"fw1",3215.8
359,"fw1",3216.4
360,"fw1",3217
361,"fw1",3217.7
362,"fw1",3218.3
363,"fw1",3219
364,"fw1",3219.7
365,"fw1",3220.5
366,"fw1",3221.3
367,"fw1",3222.1
368,"fw1",3222.8
369,"fw1",3223.6
370,"fw1",3224.4
371,"fw1",3225.2
372,"fw1",3225.9
373,"fw1",3226.7
374,"fw1",3227.5
375,"fw1",3228.4
376,"fw1",3229.2
377,"fw1",3230
378,"fw1",3230.9
379,"fw1",3231.7
380,"fw1",3232.5
381,"fw1",3233.4
382,"fw1",3234.2
383,"fw1",3234.9
384,"fw1",3235.5
385,"fw1",3236.1
386,"fw1",3236.7
387,"fw1",3237.2
388,"fw1",3237.8
389,"fw1",3238.4
390,"fw1",3239
391,"fw1",3239.6
392,"fw1",3240.2
393,"fw1",3240.8
394,"fw1",3241.4
395,"fw1",3242
396,"fw1",3242.5
397,"fw1",3242.9
398,"fw1",3243.4
399,"fw1",3243.9
400,"fw1",3244.3
401,"fw1",3244.8
402,"fw1",3245.2
403,"fw1",3245.7
404,"fw1",3246.2
405,"fw1",3246.6
406,"fw1",3247.1
407,"fw1",3247.6
408,"fw1",3248
409,"fw1",3248.5
410,"fw1",3248.9
411,"fw1",3249.4
412,"fw1",3249.9
413,"fw1",3250.4
414,"fw1",3251
415,"fw1",3251.5
416,"fw1",3252.1
417,"fw1",3252.6
418,"fw1",3253.2
419,"fw1",3253.7
420,"fw1",3254.3
421,"fw1",3254.9
422,"fw1",3255.4
423,"fw1",3256
424,"fw1",3256.5
425,"fw1",3257.1
426,"fw1",3257.6
427,"fw1",3258.2
428,"fw1",3258.7
429,"fw1",3259.3
430,"fw1",3259.9
431,"fw1",3260.4
432,"fw1",3261
433,"fw1",3261.5
434,"fw1",3262.1
435,"fw1",3262.6
436,"fw1",3263.2
437,"fw1",3263.7
438,"fw1",3264.3
439,"fw1",3264.8
440,"fw1",3265.4
441,"fw1",3265.9
442,"fw1",3266.4
443,"fw1",3266.9
444,"fw1",3267.3
445,"fw1",3267.8
446,"fw1",3268.3
447,"fw1",3268.8
448,"fw1",3269.3
449,"fw1",3269.8
450,"fw1",3270.2
451,"fw1",3270.7
452,"fw1",3271.2
453,"fw1",3271.7
454,"fw1",3272.2
455,"fw1",3272.7
456,"fw1",3273.1
457,"fw1",3273.5
458,"fw1",3273.9
459,"fw1",3274.2
460,"fw1",3274.6
461,"fw1",3275
462,"fw1",3275.3
463,"fw1",3275.7
464,"fw1",3276
465,"fw1",3276.4
466,"fw1",3276.8
467,"fw1",3277.1
468,"fw1",3277.5
469,"fw1",3277.8
470,"fw1",3278.2
471,"fw1",3278.6
472,"fw1",3278.9
473,"fw1",3279.3
474,"fw1",3279.6
475,"fw1",3280
476,"fw1",3280.4
477,"fw1",3280.7
478,"fw1",3281
479,"fw1",3281
480,"fw1",3281
481,"fw1",3281
482,"fw1",3281
483,"fw1",3281
484,"fw1",3281
485,"fw1",3281
486,"fw1",3281
487,"fw1",3281
488,"fw1",3281
489,"fw1",3281
490,"fw1",3281
491,"fw1",3281
492,"fw1",3281
493,"fw1",3281
494,"fw1",3281
495,"fw1",3281
496,"fw1",3281
497,"fw1",3281
498,"fw1",3281
499,"fw1",3281
500,"fw1",3281
0,"fw2",0
1,"fw2",19.5
2,"fw2",31.5
3,"fw2",47.1
4,"fw2",64
5,"fw2",86.8
6,"fw2",125.3
7,"fw2",211.7
8,"fw2",262.4
9,"fw2",290.4
10,"fw2",318
11,"fw2",348.9
12,"fw2",382.2
13,"fw2",417.7
14,"fw2",455.9
15,"fw2",497
16,"fw2",540.4
17,"fw2",585.8
18,"fw2",627.9
19,"fw2",664.8
20,"fw2",701.3
21,"fw2",737.3
22,"fw2",771.7
23,"fw2",806.4
24,"fw2",838.6
25,"fw2",870.2
26,"fw2",899.6
27,"fw2",927.5
28,"fw2",957
29,"fw2",983.3
30,"fw2",1010.9
31,"fw2",1036.6
32,"fw2",1063.3
33,"fw2",1090.2
34,"fw2",1116.2
35,"fw2",1143.6
36,"fw2",1171.3
37,"fw2",1199.1
38,"fw2",1226.9
39,"fw2",1253.9
40,"fw2",1281.9
41,"fw2",1308.8
42,"fw2",1337.4
43,"fw2",1364.6
44,"fw2",1392.2
45,"fw2",1419.1
46,"fw2",1445.8
47,"fw2",1472
48,"fw2",1498.5
49,"fw2",1523.3
50,"fw2",1547.8
51,"fw2",1571.8
52,"fw2",1595.2
53,"fw2",1618.3
54,"fw2",1640.5
55,"fw2",1661.3
56,"fw2",1681.7
57,"fw2",1701.3
58,"fw2",1720.6
59,"fw2",1739.2
60,"fw2",1757.3
61,"fw2",1775.3
62,"fw2",1792.4
63,"fw2",1809.5
64,"fw2",1826.5
65,"fw2",1842.8
66,"fw2",1858.8
67,"fw2",1875.7
68,"fw2",1891
69,"fw2",1905.7
70,"fw2",1920.2
71,"fw2",1934.9
72,"fw2",1949.5
73,"fw2",1964.7
74,"fw2",1979.6
75,"fw2",1993.1
76,"fw2",2007.1
77,"fw2",2020.5
78,"fw2",2035.4
79,"fw2",2048.6
80,"fw2",2061.9
81,"fw2",2075.5
82,"fw2",2089.2
83,"fw2",2102.3
84,"fw2",2115
85,"fw2",2128.4
86,"fw2",2141.2
87,"fw2",2154.1
88,"fw2",2166.4
89,"fw2",2178.3
90,"fw2",2191.1
91,"fw2",2202.9
92,"fw2",2215.4
93,"fw2",2226.5
94,"fw2",2238.5
95,"fw2",2249.4
96,"fw2",2261.2
97,"fw2",2272.4
98,"fw2",2282.9
99,"fw2",2294.1
100,"fw2",2304.3
101,"fw2",2314.9
102,"fw2",2325.8
103,"fw2",2335.5
104,"fw2",2345.6
105,"fw2",2355.8
106,"fw2",2366.4
107,"fw2",2375.1
108,"fw2",2384.7
109,"fw2",2394.5
110,"fw2",2403.9
111,"fw2",2413.7
112,"fw2",2421.9
113,"fw2",2429.9
114,"fw2",2438.2
115,"fw2",2446.6
116,"fw2",2454.7
117,"fw2",2462.7
118,"fw2",2470.8
119,"fw2",2478.7
120,"fw2",2486.7
121,"fw2",2494.3
122,"fw2",2501.8
123,"fw2",2509
124,"fw2",2516.5
125,"fw2",2524.3
126,"fw2",2531.7
127,"fw2",2538.1
128,"fw2",2544.6
129,"fw2",2551.2
130,"fw2",2557.7
131,"fw2",2564.4
132,"fw2",2571.4
133,"fw2",2578.7
134,"fw2",2584.2
135,"fw2",2590.1
136,"fw2",2596.3
137,"fw2",2602.7
138,"fw2",2608.8
139,"fw2",2615.8
140,"fw2",2622
141,"fw2",2627.7
142,"fw2",2633.4
143,"fw2",2639.8
144,"fw2",2645.6
145,"fw2",2651.1
146,"fw2",2656.6
147,"fw2",2663.1
148,"fw2",2668.2
149,"fw2",2673
150,"fw2",2678.9
151,"fw2",2683.7
152,"fw2",2688.3
153,"fw2",2694.2
154,"fw2",2699.1
155,"fw2",2703.6
156,"fw2",2708.9
157,"fw2",2713.9
158,"fw2",2718.5
159,"fw2",2723.4
160,"fw2",2728.5
161,"fw2",2733.8
162,"fw2",2738.1
163,"fw2",2742.1
164,"fw2",2747
165,"fw2",2752.1
166,"fw2",2757.2
167,"fw2",2761.5
168,"fw2",2765.5
169,"fw2",2769.5
170,"fw2",2773.4
171,"fw2",2777.3
172,"fw2",2781.2
173,"fw2",2785.1
174,"fw2",2789
175,"fw2",2792.8
176,"fw2",2796.7
177,"fw2",2800.6
178,"fw2",2804.5
179,"fw2",2808.4
180,"fw2",2812.2
181,"fw2",2816.1
182,"fw2",2820
183,"fw2",2823.8
184,"fw2",2827.6
185,"fw2",2830.8
186,"fw2",2833.8
187,"fw2",2836.9
188,"fw2",2840.2
189,"fw2",2843.4
190,"fw2",2847.2
191,"fw2",2851
192,"fw2",2853.9
193,"fw2",2856.5
194,"fw2",2859.1
195,"fw2",2862.2
196,"fw2",2865.4
197,"fw2",2868.6
198,"fw2",2871.6
199,"fw2",2874.6
200,"fw2",2877.4
201,"fw2",2880.3
202,"fw2",2883.2
203,"fw2",2886.5
204,"fw2",2889.9
205,"fw2",2892.7
206,"fw2",2895.3
207,"fw2",2898
208,"fw2",2900.6
209,"fw2",2903.2
210,"fw2",2905.8
211,"fw2",2908.4
212,"fw2",2911
213,"fw2",2913.6
214,"fw2",2916.2
215,"fw2",2918.9
216,"fw2",2921.5
217,"fw2",2924.1
218,"fw2",2926.7
219,"fw2",2929.3
220,"fw2",2931.9
221,"fw2",2934.5
222,"fw2",2937.1
223,"fw2",2939.7
224,"fw2",2942.3
225,"fw2",2944.9
226,"fw2",2947.5
227,"fw2",2950.1
228,"fw2",2952.7
229,"fw2",2954.9
230,"fw2",2957
231,"fw2",2959.1
232,"fw2",2961.3
233,"fw2",2963.7
234,"fw2",2966.1
235,"fw2",2968.6
236,"fw2",2971.1
237,"fw2",2973.7
238,"fw2",2976.2
239,"fw2",2978.3
240,"fw2",2980.3
241,"fw2",2982.3
242,"fw2",2984.3
243,"fw2",2986.2
244,"fw2",2988.2
245,"fw2",2990.1
246,"fw2",2992.1
247,"fw2",2994.1
248,"fw2",2996
249,"fw2",2998
250,"fw2",2999.9
251,"fw2",3001.9
252,"fw2",3003.8
253,"fw2",3005.8
254,"fw2",3007.7
255,"fw2",3009.4
256,"fw2",3011
257,"fw2",3012.5
258,"fw2",3014.1
259,"fw2",3015.7
260,"fw2",3017.3
261,"fw2",3018.8
262,"fw2",3020.4
263,"fw2",3022
264,"fw2",3023.6
265,"fw2",3025.4
266,"fw2",3027.4
267,"fw2",3029.3
268,"fw2",3031.3
269,"fw2",3032.9
270,"fw2",3034.5
271,"fw2",3036.1
272,"fw2",3037.6
273,"fw2",3039.2
274,"fw2",3041.1
275,"fw2",3043
276,"fw2",3044.9
277,"fw2",3046.9
278,"fw2",3048.5
279,"fw2",3050.1
280,"fw2",3051.6
281,"fw2",3053.2
282,"fw2",3054.8
283,"fw2",3056.1
284,"fw2",3057.4
285,"fw2",3058.7
286,"fw2",3060.1
287,"fw2",3061.4
288,"fw2",3062.7
289,"fw2",3064.2
290,"fw2",3065.7
291,"fw2",3067.3
292,"fw2",3068.8
293,"fw2",3070.4
294,"fw2",3072
295,"fw2",3073.5
296,"fw2",3075.1
297,"fw2",3076.6
298,"fw2",3078.2
299,"fw2",3080
300,"fw2",3081.9
301,"fw2",3083.9
302,"fw2",3085.8
303,"fw2",3087.4
304,"fw2",3089
305,"fw2",3090.6
306,"fw2",3092.1
307,"fw2",3093.7
308,"fw2",3095.2
309,"fw2",3096.8
310,"fw2",3098.3
311,"fw2",3099.8
312,"fw2",3101.4
313,"fw2",3102.9
314,"fw2",3104.4
315,"fw2",3106
316,"fw2",3107.5
317,"fw2",3109.1
318,"fw2",3110.4
319,"fw2",3111.7
320,"fw2",3113
321,"fw2",3114.3
322,"fw2",3115.6
323,"fw2",3116.9
324,"fw2",3118.1
325,"fw2",3119.3
326,"fw2",3120.6
327,"fw2",3121.8
328,"fw2",3123
329,"fw2",3124.2
330,"fw2",3125.6
331,"fw2",3127.1
332,"fw2",3128.6
333,"fw2",3130.1
334,"fw2",3131.6
335,"fw2",3133.1
336,"fw2",3134.5
337,"fw2",3136
338,"fw2",3137.4
339,"fw2",3138.9
340,"fw2",3140.4
341,"fw2",3141.7
342,"fw2",3142.9
343,"fw2",3144.2
344,"fw2",3145.5
345,"fw2",3146.8
346,"fw2",3148.1
347,"fw2",3149.2
348,"fw2",3150.3
349,"fw2",3151.5
350,"fw2",3152.6
351,"fw2",3153.7
352,"fw2",3154.8
353,"fw2",3156
354,"fw2",3156.9
355,"fw2",3157.9
356,"fw2",3158.9
357,"fw2",3159.9
358,"fw2",3160.8
359,"fw2",3161.8
360,"fw2",3162.8
361,"fw2",3163.7
362,"fw2",3164.7
363,"fw2",3165.7
364,"fw2",3166.6
365,"fw2",3167.6
366,"fw2",3168.6
367,"fw2",3169.5
368,"fw2",3170.5
369,"fw2",3171.5
370,"fw2",3172.4
371,"fw2",3173.2
372,"fw2",3174.1
373,"fw2",3174.9
374,"fw2",3175.8
375,"fw2",3176.7
376,"fw2",3177.5
377,"fw2",3178.4
378,"fw2",3179.2
379,"fw2",3180.1
380,"fw2",3180.9
381,"fw2",3181.8
382,"fw2",3182.6
383,"fw2",3183.4
384,"fw2",3184.3
385,"fw2",3185.1
386,"fw2",3186
387,"fw2",3186.8
388,"fw2",3187.4
389,"fw2",3187.8
390,"fw2",3188.3
391,"fw2",3188.7
392,"fw2",3189.2
393,"fw2",3189.6
394,"fw2",3190.1
395,"fw2",3190.6
396,"fw2",3191
397,"fw2",3191.5
398,"fw2",3191.9
399,"fw2",3192.4
400,"fw2",3192.9
401,"fw2",3193.3
402,"fw2",3193.8
403,"fw2",3194.2
404,"fw2",3194.7
405,"fw2",3195.2
406,"fw2",3195.7
407,"fw2",3196.1
408,"fw2",3196.6
409,"fw2",3197.1
410,"fw2",3197.6
411,"fw2",3198.1
412,"fw2",3198.6
413,"fw2",3199.1
414,"fw2",3199.6
415,"fw2",3200.1
416,"fw2",3200.5
417,"fw2",3201
418,"fw2",3201.5
419,"fw2",3202
420,"fw2",3202.5
421,"fw2",3203
422,"fw2",3203.5
423,"fw2",3204.1
424,"fw2",3204.6
425,"fw2",3205.1
426,"fw2",3205.6
427,"fw2",3206.1
428,"fw2",3206.7
429,"fw2",3207.2
430,"fw2",3207.7
431,"fw2",3208.2
432,"fw2",3208.7
433,"fw2",3209.3
434,"fw2",3209.8
435,"fw2",3210.3
436,"fw2",3210.8
437,"fw2",3211.2
438,"fw2",3211.6
439,"fw2",3212
440,"fw2",3212.5
441,"fw2",3212.9
442,"fw2",3213.3
443,"fw2",3213.8
444,"fw2",3214.2
445,"fw2",3214.6
446,"fw2",3215.1
447,"fw2",3215.5
448,"fw2",3215.9
449,"fw2",3216.4
450,"fw2",3216.8
451,"fw2",3217.2
452,"fw2",3217.6
453,"fw2",3218.1
454,"fw2",3218.5
455,"fw2",3219
456,"fw2",3219.4
457,"fw2",3219.9
458,"fw2",3220.3
459,"fw2",3220.8
460,"fw2",3221.2
461,"fw2",3221.7
462,"fw2",3222.2
463,"fw2",3222.6
464,"fw2",3223.1
465,"fw2",3223.5
466,"fw2",3224
467,"fw2",3224.4
468,"fw2",3224.9
469,"fw2",3225.3
470,"fw2",3225.8
471,"fw2",3226.2
472,"fw2",3226.6
473,"fw2",3227
474,"fw2",3227.5
475,"fw2",3227.9
476,"fw2",3228.3
477,"fw2",3228.7
478,"fw2",3229.1
479,"fw2",3229.5
480,"fw2",3229.9
481,"fw2",3230.4
482,"fw2",3230.8
483,"fw2",3231.2
484,"fw2",3231.6
485,"fw2",3232
486,"fw2",3232.4
487,"fw2",3232.9
488,"fw2",3233.3
489,"fw2",3233.6
490,"fw2",3233.6
491,"fw2",3233.6
492,"fw2",3233.6
493,"fw2",3233.6
494,"fw2",3233.6
495,"fw2",3233.6
496,"fw2",3233.6
497,"fw2",3233.6
498,"fw2",3233.6
499,"fw2",3233.6
500,"fw2",3233.6
0,"fw3",0
1,"fw3",14.6
2,"fw3",26.4
3,"fw3",41.5
4,"fw3",58.5
5,"fw3",80.3
6,"fw3",115.4
7,"fw3",195.7
8,"fw3",260
9,"fw3",291.3
10,"fw3",318.9
11,"fw3",349.9
12,"fw3",384
13,"fw3",420.1
14,"fw3",459.2
15,"fw3",501
16,"fw3",544.1
17,"fw3",590.1
18,"fw3",635.5
19,"fw3",673.3
20,"fw3",711.4
21,"fw3",749.2
22,"fw3",786.4
23,"fw3",821.7
24,"fw3",855.9
25,"fw3",889.5
26,"fw3",921.1
27,"fw3",952
28,"fw3",982.8
29,"fw3",1010.8
30,"fw3",1039.3
31,"fw3",1067.9
32,"fw3",1094.5
33,"fw3",1123.9
34,"fw3",1150.3
35,"fw3",1180.2
36,"fw3",1207.7
37,"fw3",1236.7
38,"fw3",1267
39,"fw3",1294.4
40,"fw3",1323.4
41,"fw3",1352.9
42,"fw3",1380.6
43,"fw3",1410.5
44,"fw3",1439.3
45,"fw3",1468.7
46,"fw3",1497.1
47,"fw3",1526.2
48,"fw3",1554
49,"fw3",1580.5
50,"fw3",1606.4
51,"fw3",1632.5
52,"fw3",1658.2
53,"fw3",1682.7
54,"fw3",1707.3
55,"fw3",1730.7
56,"fw3",1753.6
57,"fw3",1775.6
58,"fw3",1797.3
59,"fw3",1818.4
60,"fw3",1839.4
61,"fw3",1859.4
62,"fw3",1879.7
63,"fw3",1900.1
64,"fw3",1920.2
65,"fw3",1939.9
66,"fw3",1959.5
67,"fw3",1979.8
68,"fw3",1997.1
69,"fw3",2015.9
70,"fw3",2033.9
71,"fw3",2051.2
72,"fw3",2068.8
73,"fw3",2086.2
74,"fw3",2102.5
75,"fw3",2119.6
76,"fw3",2135.1
77,"fw3",2149.8
78,"fw3",2166.1
79,"fw3",2180.8
80,"fw3",2195.6
81,"fw3",2209.7
82,"fw3",2223.6
83,"fw3",2238.6
84,"fw3",2251.7
85,"fw3",2265.7
86,"fw3",2278.7
87,"fw3",2293.3
88,"fw3",2305.3
89,"fw3",2317.8
90,"fw3",2330.3
91,"fw3",2342.1
92,"fw3",2353.8
93,"fw3",2365.3
94,"fw3",2377.6
95,"fw3",2388.3
96,"fw3",2399.9
97,"fw3",2411.6
98,"fw3",2422
99,"fw3",2432.6
100,"fw3",2443.1
101,"fw3",2453.7
102,"fw3",2463.8
103,"fw3",2474.4
104,"fw3",2484.2
105,"fw3",2494.1
106,"fw3",2505.2
107,"fw3",2513.8
108,"fw3",2523.5
109,"fw3",2533.2
110,"fw3",2542.3
111,"fw3",2552.6
112,"fw3",2560.6
113,"fw3",2569.1
114,"fw3",2578.4
115,"fw3",2587.3
116,"fw3",2595.8
117,"fw3",2604.2
118,"fw3",2612.3
119,"fw3",2620.7
120,"fw3",2630.6
121,"fw3",2638.6
122,"fw3",2646.6
123,"fw3",2654.6
124,"fw3",2662.4
125,"fw3",2670.2
126,"fw3",2678
127,"fw3",2685.7
128,"fw3",2693.2
129,"fw3",2699.8
130,"fw3",2706.6
131,"fw3",2713.5
132,"fw3",2720.7
133,"fw3",2727.8
134,"fw3",2734.8
135,"fw3",2741.8
136,"fw3",2748.7
137,"fw3",2756.2
138,"fw3",2762.1
139,"fw3",2769.4
140,"fw3",2777.2
141,"fw3",2784.7
142,"fw3",2791.1
143,"fw3",2797.5
144,"fw3",2804.2
145,"fw3",2810.7
146,"fw3",2817.3
147,"fw3",2824.3
148,"fw3",2830.3
149,"fw3",2836.3
150,"fw3",2842.7
151,"fw3",2848.9
152,"fw3",2855.6
153,"fw3",2862.6
154,"fw3",2868.6
155,"fw3",2874.3
156,"fw3",2880.3
157,"fw3",2887
158,"fw3",2894
159,"fw3",2899.9
160,"fw3",2905.7
161,"fw3",2912.1
162,"fw3",2918.2
163,"fw3",2924.4
164,"fw3",2930.1
165,"fw3",2935.5
166,"fw3",2941.7
167,"fw3",2948.8
168,"fw3",2954.5
169,"fw3",2960
170,"fw3",2966.2
171,"fw3",2972.5
172,"fw3",2979.6
173,"fw3",2985.2
174,"fw3",2990.5
175,"fw3",2996.7
176,"fw3",3003.3
177,"fw3",3009
178,"fw3",3015
179,"fw3",3021.4
180,"fw3",3026.8
181,"fw3",3034
182,"fw3",3039.9
183,"fw3",3045.5
184,"fw3",3051.4
185,"fw3",3057.6
186,"fw3",3063
187,"fw3",3068.4
188,"fw3",3073.9
189,"fw3",3078.9
190,"fw3",3084.1
191,"fw3",3089.8
192,"fw3",3094.7
193,"fw3",3099.5
194,"fw3",3104.2
195,"fw3",3109.3
196,"fw3",3114.4
197,"fw3",3119.5
198,"fw3",3123.8
199,"fw3",3127.9
200,"fw3",3132.5
201,"fw3",3137.1
202,"fw3",3141.5
203,"fw3",3146
204,"fw3",3150.7
205,"fw3",3154.7
206,"fw3",3158.6
207,"fw3",3162.5
208,"fw3",3166.4
209,"fw3",3170.3
210,"fw3",3174.2
211,"fw3",3178.1
212,"fw3",3182
213,"fw3",3185.8
214,"fw3",3189.7
215,"fw3",3192.6
216,"fw3",3195.4
217,"fw3",3198.1
218,"fw3",3201.7
219,"fw3",3205.4
220,"fw3",3208.7
221,"fw3",3211.8
222,"fw3",3215
223,"fw3",3218
224,"fw3",3221
225,"fw3",3223.7
226,"fw3",3226.3
227,"fw3",3228.9
228,"fw3",3231.6
229,"fw3",3234.2
230,"fw3",3236.8
231,"fw3",3239.1
232,"fw3",3241.4
233,"fw3",3243.6
234,"fw3",3245.8
235,"fw3",3248
236,"fw3",3250.3
237,"fw3",3252.5
238,"fw3",3254.5
239,"fw3",3256.4
240,"fw3",3258.4
241,"fw3",3260.3
242,"fw3",3262.5
243,"fw3",3264.7
244,"fw3",3266.9
245,"fw3",3269
246,"fw3",3270.7
247,"fw3",3272.4
248,"fw3",3274.2
249,"fw3",3275.9
250,"fw3",3277.5
251,"fw3",3279.1
252,"fw3",3280.6
253,"fw3",3282.2
254,"fw3",3283.7
255,"fw3",3285.3
256,"fw3",3286.9
257,"fw3",3288.4
258,"fw3",3290
259,"fw3",3291.5
260,"fw3",3293.1
261,"fw3",3294.6
262,"fw3",3296.2
263,"fw3",3297.7
264,"fw3",3299.3
265,"fw3",3300.9
266,"fw3",3302.4
267,"fw3",3304
268,"fw3",3305.6
269,"fw3",3307.1
270,"fw3",3308.7
271,"fw3",3310.2
272,"fw3",3311.8
273,"fw3",3313.4
274,"fw3",3314.9
275,"fw3",3316.5
276,"fw3",3318
277,"fw3",3319.6
278,"fw3",3321.1
279,"fw3",3322.7
280,"fw3",3324
281,"fw3",3325.3
282,"fw3",3326.6
283,"fw3",3327.9
284,"fw3",3329.2
285,"fw3",3330.6
286,"fw3",3331.8
287,"fw3",3333.1
288,"fw3",3334.4
289,"fw3",3335.7
290,"fw3",3337
291,"fw3",3338.3
292,"fw3",3339.6
293,"fw3",3340.9
294,"fw3",3342.1
295,"fw3",3343.4
296,"fw3",3344.7
297,"fw3",3346
298,"fw3",3347.5
299,"fw3",3349.1
300,"fw3",3350.6
301,"fw3",3352.2
302,"fw3",3353.7
303,"fw3",3355.1
304,"fw3",3356.3
305,"fw3",3357.6
306,"fw3",3358.9
307,"fw3",3360.2
308,"fw3",3361.5
309,"fw3",3362.8
310,"fw3",3364.1
311,"fw3",3365.4
312,"fw3",3366.6
313,"fw3",3367.9
314,"fw3",3369.2
315,"fw3",3370.5
316,"fw3",3371.8
317,"fw3",3373
318,"fw3",3374.3
319,"fw3",3375.6
320,"fw3",3376.9
321,"fw3",3378.2
322,"fw3",3379.4
323,"fw3",3380.7
324,"fw3",3382
325,"fw3",3383.3
326,"fw3",3384.6
327,"fw3",3385.9
328,"fw3",3387.2
329,"fw3",3388.5
330,"fw3",3389.8
331,"fw3",3391.1
332,"fw3",3392.4
333,"fw3",3393.8
334,"fw3",3395.1
335,"fw3",3396.4
336,"fw3",3397.7
337,"fw3",3399
338,"fw3",3400.3
339,"fw3",3401.3
340,"fw3",3402.3
341,"fw3",3403.2
342,"fw3",3404.2
343,"fw3",3405.1
344,"fw3",3406.1
345,"fw3",3407.1
346,"fw3",3408
347,"fw3",3408.9
348,"fw3",3409.7
349,"fw3",3410.6
350,"fw3",3411.4
351,"fw3",3412.3
352,"fw3",3413.2
353,"fw3",3414
354,"fw3",3414.9
355,"fw3",3415.7
356,"fw3",3416.4
357,"fw3",3417
358,"fw3",3417.7
359,"fw3",3418.3
360,"fw3",3419
361,"fw3",3419.6
362,"fw3",3420.3
363,"fw3",3420.9
364,"fw3",3421.5
365,"fw3",3422.2
366,"fw3",3422.8
367,"fw3",3423.5
368,"fw3",3424.1
369,"fw3",3424.8
370,"fw3",3425.4
371,"fw3",3426
372,"fw3",3426.7
373,"fw3",3427.3
374,"fw3",3428
375,"fw3",3428.6
376,"fw3",3429.3
377,"fw3",3429.9
378,"fw3",3430.5
379,"fw3",3431.2
380,"fw3",3431.8
381,"fw3",3432.4
382,"fw3",3433.1
383,"fw3",3433.7
384,"fw3",3434.3
385,"fw3",3434.9
386,"fw3",3435.6
387,"fw3",3436.2
388,"fw3",3436.8
389,"fw3",3437.4
390,"fw3",3438.1
391,"fw3",3438.7
392,"fw3",3439.1
393,"fw3",3439.5
394,"fw3",3439.8
395,"fw3",3440.1
396,"fw3",3440.4
397,"fw3",3440.8
398,"fw3",3441.1
399,"fw3",3441.4
400,"fw3",3441.7
401,"fw3",3442.1
402,"fw3",3442.4
403,"fw3",3442.7
404,"fw3",3443
405,"fw3",3443.4
406,"fw3",3443.7
407,"fw3",3444
408,"fw3",3444.4
409,"fw3",3444.7
410,"fw3",3445
411,"fw3",3445.3
412,"fw3",3445.7
413,"fw3",3446
414,"fw3",3446.3
415,"fw3",3446.6
416,"fw3",3447
417,"fw3",3447.5
418,"fw3",3447.9
419,"fw3",3448.3
420,"fw3",3448.8
421,"fw3",3449.2
422,"fw3",3449.6
423,"fw3",3450.1
424,"fw3",3450.5
425,"fw3",3450.9
426,"fw3",3451.4
427,"fw3",3451.8
428,"fw3",3452.2
429,"fw3",3452.7
430,"fw3",3453.1
431,"fw3",3453.5
432,"fw3",3453.9
433,"fw3",3454.4
434,"fw3",3454.7
435,"fw3",3455
436,"fw3",3455.3
437,"fw3",3455.6
438,"fw3",3455.9
439,"fw3",3456.3
440,"fw3",3456.6
441,"fw3",3456.9
442,"fw3",3457.2
443,"fw3",3457.5
444,"fw3",3457.8
445,"fw3",3458.1
446,"fw3",3458.4
447,"fw3",3458.7
448,"fw3",3459
449,"fw3",3459.3
450,"fw3",3459.6
451,"fw3",3459.9
452,"fw3",3460.3
453,"fw3",3460.6
454,"fw3",3460.9
455,"fw3",3461.2
456,"fw3",3461.5
457,"fw3",3461.8
458,"fw3",3462.1
459,"fw3",3462.4
460,"fw3",3462.7
461,"fw3",3463
462,"fw3",3463.3
463,"fw3",3463.5
464,"fw3",3463.8
465,"fw3",3464.1
466,"fw3",3464.4
467,"fw3",3464.7
468,"fw3",3465
469,"fw3",3465.3
470,"fw3",3465.6
471,"fw3",3465.9
472,"fw3",3466.2
473,"fw3",3466.4
474,"fw3",3466.7
475,"fw3",3467
476,"fw3",3467.3
477,"fw3",3467.6
478,"fw3",3467.9
479,"fw3",3468.2
480,"fw3",3468.5
481,"fw3",3468.8
482,"fw3",3469
483,"fw3",3469.3
484,"fw3",3469.6
485,"fw3",3469.8
486,"fw3",3469.8
487,"fw3",3469.8
488,"fw3",3469.8
489,"fw3",3469.8
490,"fw3",3469.8
491,"fw3",3469.8
492,"fw3",3469.8
493,"fw3",3469.8
494,"fw3",3469.8
495,"fw3",3469.8
496,"fw3",3469.8
497,"fw3",3469.8
498,"fw3",3469.8
499,"fw3",3469.8
500,"fw3",3469.8
